Customer_ID,Customer_Name,Customer_Age,Customer_Gender,Customer_Contact
C101,Kabir Barman,55,Female,9721538494
C102,Amani Devan,43,Other,9771566091
C103,Nakul Kalita,59,Male,9812096422
C104,Nitara Desai,54,Other,9401901085
C105,Oorja Kannan,47,Other,9281292929
C106,Baiju Raval,28,Female,9455689748
C107,Tara Taneja,35,Other,9961237819
C108,Siya Divan,47,Male,9329896829
C109,Hiran Sampath,26,Male,9438307716
C110,Hrishita Master,42,Female,9548168944
C111,Tejas Doshi,33,Other,9476928123
C112,Piya Raj,39,Male,9519521808
C113,Dhanush Balan,54,Other,9448796452
C114,Gokul Zacharia,21,Male,9267993840
C115,Prerak Chakraborty,25,Other,9956287792
C116,Pihu Grover,24,Female,9812709435
C117,Ela Maune,27,Male,9347306905
C118,Neysa Gola,49,Male,9695235851
C119,Himmat Sane,25,Male,9620048994
C120,Tanya Vigate,25,Female,9639514004
C121,Parinaaz Kari,27,Male,9097147351
C122,Vaibhav Hans,23,Male,9760852285
C123,Saira Chanda,38,Male,9163941556
C124,Kavya Ram,24,Other,9412594060
C125,Aayush Dara,34,Male,9580141552
C126,Abram Randhawa,57,Other,9449098382
C127,Nitara Seth,48,Other,9830932331
C128,Inaaya  Mallick,16,Female,9648365272
C129,Jayan Bhatti,31,Male,9232505701
C130,Nishith Bhalla,33,Male,9615678491
C131,Adah Lanka,44,Female,9278061321
C132,Nakul Subramaniam,43,Male,9840408811
C133,Siya Walia,19,Other,9364897468
C134,Mehul Ratta,45,Other,9059835677
C135,Jayant Manne,43,Female,9244291845
C136,Ahana  Bajaj,27,Male,9114630264
C137,Aarav Seshadri,39,Female,9678691057
C138,Kanav Wali,55,Other,9736224182
C139,Anvi Aggarwal,49,Male,9456107120
C140,Yuvraj  Grewal,52,Female,9013252054
C141,Advik Hari,17,Female,9532024124
C142,Taran Dhawan,60,Other,9164106470
C143,Fateh Sheth,30,Male,9983618169
C144,Vedika Cheema,38,Female,9996017569
C145,Rania Halder,27,Female,9553799730
C146,Rania Lad,51,Other,9418740517
C147,Chirag Kane,16,Male,9392862273
C148,Nakul Badami,31,Female,9516956755
C149,Arnav Zachariah,29,Female,9378728984
C150,Yuvaan Barman,23,Male,9844181451
C151,Anay Sur,37,Other,9389507653
C152,Ranbir Ram,52,Male,9772086660
C153,Onkar Comar,37,Male,9961086171
C154,Neysa Chad,20,Other,9139887666
C155,Miraya Ahuja,43,Male,9281169012
C156,Biju Gerane,60,Other,9084519211
C157,Hunar Sachdeva,44,Female,9898118072
C158,Mishti Gupta,49,Male,9862848963
C159,Jayan Ravel,48,Female,9359045374
C160,Samarth Kaur,52,Male,9087064856
C161,Zaina Ratta,39,Male,9335231834
C162,Renee Bava,20,Female,9586654436
C163,Emir Dasgupta,16,Female,9777840410
C164,Hansh Vyas,31,Female,9438993490
C165,Prisha Sekhon,53,Male,9375714818
C166,Mehul Dugar,16,Other,9574668151
C167,Arhaan Borra,50,Male,9042723398
C168,Hrishita Solanki,34,Male,9394237529
C169,Miraya Gulati,21,Female,9286763948
C170,Purab Shah,37,Male,9316276207
C171,Tiya Sachdeva,25,Male,9710401019
C172,Zara Manda,35,Other,9591107412
C173,Divij Contractor,33,Other,9608050100
C174,Amira Batta,18,Male,9214725962
C175,Renee Dube,34,Other,9146857578
C176,Vaibhav Rau,17,Other,9823525904
C177,Aayush Randhawa,45,Female,9209265558
C178,Shaan Toorana,41,Male,9010612007
C179,Ahana  Ganesh,36,Other,9051307061
C180,Mamooty Tandon,55,Female,9679215964
C181,Vardaniya Jayaraman,36,Male,9736785553
C182,Emir Trivedi,23,Female,9222381413
C183,Uthkarsh Dugar,18,Other,9026797812
C184,Urvi Batta,43,Female,9688794462
C185,Madhav Kumer,18,Male,9072457532
C186,Manjari Shenoy,21,Male,9832366612
C187,Veer Bath,20,Male,9286000371
C188,Rhea Bail,18,Other,9373296973
C189,Renee Bandi,49,Female,9791609210
C190,Nehmat Soman,21,Male,9225145043
C191,Rati Biswas,41,Male,9670391702
C192,Nehmat Chander,35,Male,9677278958
C193,Akarsh Ganesan,46,Male,9623876853
C194,Samiha Raval,57,Female,9689746356
C195,Yuvaan Srinivasan,16,Female,9255872063
C196,Taimur Suresh,56,Female,9696327989
C197,Tarini Kumar,46,Other,9744732725
C198,Devansh Sarma,49,Other,9591100793
C199,Amira Tailor,30,Male,9602551198
C200,Raghav Rana,41,Other,9218227061
C201,Anikita Chaudhary ,35,Female,9054584431
C202,Abram Korpal,60,Male,9596675376
C203,Rasha Lall,37,Other,9960636899
C204,Nitya Kapadia,45,Female,9761968667
C205,Anya Ravel,37,Male,9744117556
C206,Aaryahi Date,34,Female,9070703756
C207,Rasha Seshadri,53,Male,9834763072
C208,Drishya Sarraf,60,Female,9066860815
C209,Vritika Bawa,38,Female,9535885876
C210,Adah Bansal,54,Male,9124097774
C211,Pari Das,46,Other,9643792629
C212,Akarsh Divan,33,Other,9723938642
C213,Hansh Savant,35,Male,9435453686
C214,Neelofar Khare,39,Other,9101233652
C215,Nitara Dara,44,Other,9703287083
C216,Diya Balakrishnan,39,Other,9201726289
C217,Manikya Sachdeva,42,Male,9170190111
C218,Saira Gopal,18,Other,9533559971
C219,Evane Vala,21,Other,9111104845
C220,Vritika Kari,60,Female,9974016548
C221,Azad Bal,47,Other,9567450131
C222,Prerak Deep,51,Other,9529883150
C223,Kiara Andra,48,Other,9271678349
C224,Kiara Sahni,32,Other,9977307522
C225,Uthkarsh Chakraborty,58,Other,9333906668
C226,Divyansh Borde,57,Other,9170493697
C227,Sara Ranganathan,55,Male,9128718658
C228,Devansh Trivedi,17,Other,9102256067
C229,Hazel Dass,49,Other,9545702013
C230,Diya Barman,28,Female,9175352958
C231,Aarush Kibe,47,Female,9979922229
C232,Tarini Banik,28,Female,9984479163
C233,Vardaniya Edwin,18,Other,9405347574
C234,Bhavin Deol,29,Other,9087506444
C235,Badal Dubey,45,Male,9209380091
C236,Neelofar Kala,48,Male,9369680222
C237,Indrajit Amble,41,Other,9021328705
C238,Neelofar Reddy,50,Male,9836553788
C239,Veer Tandon,22,Female,9639404831
C240,Prisha Dutt,45,Male,9367646424
C241,Anvi Lala,39,Female,9468033957
C242,Ishaan Rau,42,Male,9704116711
C243,Farhan Uppal,47,Male,9259018676
C244,Aniruddh Dube,51,Other,9814329178
C245,Nishith Zacharia,32,Female,9354345960
C246,Divyansh Desai,50,Other,9848056699
C247,Onkar Doshina,45,Female,9357399219
C248,Vihaan Bandi,50,Female,9765052172
C249,Hridaan Kar,51,Female,9699898850
C250,Suhana Sawhney,40,Other,9485078112
C251,Dhanuk Soni,54,Male,9339286554
C252,Arhaan Mandal,21,Other,9221543848
C253,Kashvi Tata,17,Male,9885463983
C254,Misha Hans,27,Female,9701213989
C255,Hridaan Sridhar,59,Other,9722522085
C256,Kabir Bhavsar,48,Male,9378560093
C257,Jayant Chauhan,45,Male,9541868744
C258,Ojas Tiwari,38,Male,9453577592
C259,Divij Bassi,38,Female,9210975371
C260,Hunar Dugar,49,Female,9162609798
C261,Nakul Vaidya,50,Other,9093718119
C262,Faiyaz Sehgal,58,Male,9139573308
C263,Jayesh Singh,41,Other,9940681114
C264,Shalv Bhargava,39,Female,9643100070
C265,Rasha Deshpande,33,Other,9553060421
C266,Badal Khosla,17,Male,9744084107
C267,Seher Kurian,36,Other,9572236200
C268,Ranbir Dasgupta,34,Male,9047893477
C269,Rohan De,41,Female,9231745853
C270,Mohanlal Gandhi,58,Male,9824237620
C271,Devansh Sridhar,19,Other,9324458065
C272,Aaryahi Karnik,59,Female,9769249021
C273,Suhana ,25,Female,9170485855
C274,Diya Basu,20,Other,9207638918
C275,Seher Chaudhary,37,Female,9646426776
C276,Anay Kalla,36,Other,9700831336
C277,Indrajit Goswami,57,Male,9173971074
C278,Zoya Dalal,59,Male,9191922344
C279,Nirvaan Kade,38,Male,9425975916
C280,Tarini Kata,38,Female,9616111407
C281,Ishaan Jaggi,51,Female,9122009938
C282,Sana Sengupta,52,Female,9229261526
C283,Kashvi Uppal,38,Other,9348821109
C284,Kiaan ,33,Female,9856604058
C285,Vardaniya Walla,25,Female,9912178183
C286,Anahita Uppal,47,Female,9997676690
C287,Vihaan Sekhon,23,Male,9650640687
C288,Nirvi Bhatnagar,45,Other,9631593993
C289,Yuvaan Sane,39,Male,9856845901
C290,Rasha Jha,32,Other,9714421266
C291,Saksham Yohannan,59,Other,9427372774
C292,Mehul Dhar,51,Female,9509320665
C293,Riya Sampath,38,Female,9343289734
C294,Zara Anand,16,Other,9934205953
C295,Lagan Chada,21,Other,9921832121
C296,Dharmajan Borra,17,Other,9683665533
C297,Hrishita Gulati,37,Other,9444154533
C298,Piya Sinha,44,Female,9594984075
C299,Neelofar Comar,16,Male,9718403509
C300,Hridaan Singh,55,Other,9020531871
C301,Nishith Sridhar,45,Female,9608783298
C302,Bhavin ,42,Male,9127240503
C303,Shamik Srinivasan,40,Other,9529033082
C304,Zaina Venkataraman,58,Male,9453408720
C305,Siya Gupta,33,Other,9281042306
C306,Shlok Aurora,48,Female,9060870227
C307,Indrans Mani,38,Female,9974501130
C308,Aaina Dash,43,Other,9911516417
C309,Saanvi Majumdar,32,Female,9206978133
C310,Dharmajan Issac,24,Female,9717484225
C311,Charvi Uppal,27,Female,9132716797
C312,Jayant Soni,40,Female,9934900979
C313,Dhanush Chandra,42,Female,9031914082
C314,Prerak Singh,43,Female,9845931596
C315,Sumer Bhatia,22,Female,9563175194
C316,Samiha Thakur,27,Female,9891027615
C317,Saira Venkataraman,30,Female,9793575272
C318,Aayush Kamdar,53,Male,9586606492
C319,Reyansh Chakraborty,42,Male,9759503167
C320,Piya Saxena,34,Female,9631427243
C321,Arhaan Krishnan,22,Other,9521426336
C322,Nitya Bhalla,50,Other,9659205065
C323,Manjari Lal,40,Male,9703167513
C324,Rohan Shroff,39,Female,9301628736
C325,Aaryahi Hayer,52,Other,9030852328
C326,Piya Chaudhry,52,Female,9862373562
C327,Vedika Divan,28,Female,9202531428
C328,Adah Bhatt,16,Male,9084156906
C329,Vardaniya Bhatnagar,38,Other,9299852005
C330,Onkar Choudhry,44,Other,9885046766
C331,Himmat Issac,33,Female,9634388420
C332,Lavanya Swamy,59,Female,9632136941
C333,Jivika Sengupta,58,Male,9971433172
C334,Riya Rege,37,Female,9505727018
C335,Saksham Sachar,52,Other,9676127670
C336,Miraya Edwin,33,Other,9355577949
C337,Nirvi Golla,38,Other,9215947285
C338,Kartik Dutt,19,Female,9480916065
C339,Heer Suri,45,Other,9516648892
C340,Kimaya Sule,38,Other,9237076780
C341,Hiran Devan,16,Other,9874215216
C342,Alia Krish,24,Female,9291898226
C343,Ira Mane,31,Female,9355037975
C344,Mamooty Rajan,33,Female,9934018211
C345,Heer Kannan,60,Other,9075660122
C346,Ritvik Wable,21,Other,9050779763
C347,Aayush Bumb,51,Other,9077678148
C348,Vivaan Cheema,59,Other,9736188545
C349,Ojas Wable,19,Female,9729418277
C350,Raghav Kanda,41,Other,9245704629
C351,Riya Keer,39,Male,9199210698
C352,Dhanush Sunder,41,Female,9959550514
C353,Ira Badami,43,Male,9871600862
C354,Madhup Dada,28,Male,9175833369
C355,Nirvaan Gola,21,Other,9347608999
C356,Ehsaan Din,25,Female,9534967957
C357,Neysa Lad,21,Female,9262979040
C358,Hiran Tak,43,Other,9685194986
C359,Yakshit Sandhu,52,Other,9407569167
C360,Indranil Tailor,47,Female,9946800479
C361,Jhanvi Batta,30,Other,9608786713
C362,Hrishita Bora,20,Other,9202322677
C363,Mohanlal Ganesan,18,Female,9118925771
C364,Ritvik Gopal,43,Other,9635254079
C365,Anika Sama,34,Other,9955609015
C366,Jivika Mammen,35,Other,9123713553
C367,Yashvi Mani,27,Other,9541627285
C368,Mehul Sachar,57,Male,9357412543
C369,Tanya Bajaj,51,Female,9975164157
C370,Manjari Issac,19,Other,9421424775
C371,Romil Buch,56,Other,9545959522
C372,Sahil Sathe,50,Female,9004019460
C373,Aarush Kar,25,Female,9949591790
C374,Miraan Mane,55,Other,9049562538
C375,Advika Deep,58,Male,9756087029
C376,Lakshit Ganesan,25,Male,9782181609
C377,Madhup Sandal,29,Female,9588070956
C378,Nirvaan Viswanathan,26,Other,9827454198
C379,Faiyaz Batta,56,Female,9138957915
C380,Samarth Thaman,45,Other,9241311803
C381,Sumer Das,24,Female,9462040574
C382,Jivika Tandon,51,Male,9727698968
C383,Advik Behl,52,Male,9871217612
C384,Rhea Swaminathan,45,Other,9507044087
C385,Akarsh Ray,47,Male,9815909813
C386,Darshit Bhavsar,26,Male,9532293751
C387,Shamik Bhat,36,Other,9600446356
C388,Aarav Gade,26,Other,9089570751
C389,Gokul Rout,23,Male,9977990032
C390,Nitara Singhal,56,Male,9213415341
C391,Rohan Mall,26,Female,9187759998
C392,Damini Saini,47,Male,9134644325
C393,Seher Sankaran,48,Male,9180904082
C394,Mohanlal Saxena,34,Other,9128503720
C395,Shlok Amble,44,Male,9926480036
C396,Yasmin Sami,34,Other,9308690483
C397,Alia Khatri,30,Female,9632112274
C398,Madhup Bir,29,Female,9928042649
C399,Darshit Bali,38,Male,9209829466
C400,Kavya Loke,59,Male,9761354854
C401,Shalv Mangat,37,Male,9038439552
C402,Sara Khan,48,Other,9375779100
C403,Reyansh Devi,45,Other,9416479033
C404,Adah Kadakia,16,Female,9618506344
C405,Tiya Gola,22,Female,9836029346
C406,Devansh Swamy,33,Male,9048218156
C407,Devansh Choudhury,55,Other,9827262448
C408,Riaan Gera,19,Other,9848094591
C409,Ishaan Loke,50,Male,9486030581
C410,Alia Rau,21,Female,9353857690
C411,Yuvraj  Behl,22,Other,9236635878
C412,Amani Dugal,30,Male,9489071549
C413,Saksham Bala,23,Female,9791762871
C414,Tejas Lata,32,Other,9981503324
C415,Anaya Borah,20,Female,9782870576
C416,Nishith Rajan,26,Male,9794330904
C417,Bhamini Gole,28,Other,9831725833
C418,Kiara Singhal,42,Other,9107218161
C419,Shlok Khare,46,Male,9878628251
C420,Eva Vala,43,Other,9287358640
C421,Sara Bhandari,35,Other,9748036571
C422,Prerak Sarna,19,Other,9613038935
C423,Dharmajan kinde,58,Male,9378167319
C424,Vidur Atwal,29,Male,9020468229
C425,Uthkarsh Kakar,58,Male,9272576265
C426,Ranbir Chandran,45,Other,9446259413
C427,Keya Yogi,22,Male,9502055720
C428,Shanaya Shroff,33,Female,9288007709
C429,Nehmat Raj,58,Other,9918128790
C430,Alisha Sandhu,49,Other,9568165181
C431,Lakshit Venkatesh,24,Other,9611498034
C432,Samarth Karpe,42,Female,9950212438
C433,Zain Gandhi,53,Female,9527689083
C434,Raghav Rama,39,Female,9064176166
C435,Baiju Mall,29,Other,9297401496
C436,Badal Bhandari,57,Other,9096824209
C437,Dharmajan Virk,19,Female,9588600028
C438,Trisha Hans,52,Male,9362666693
C439,Rasha Tailor,32,Male,9128491703
C440,Tushar Vaidya,46,Male,9859547423
C441,Seher Sabharwal,29,Female,9193847063
C442,Yuvraj  Shere,44,Female,9176637195
C443,Tarini Ahuja,48,Female,9046793737
C444,Khushi Ghose,22,Female,9847989938
C445,Khushi Sur,17,Male,9453798474
C446,Kavya Bhakta,16,Female,9783381044
C447,Vidur Chad,39,Other,9146966283
C448,Amira Gara,47,Female,9678547917
C449,Vardaniya Dara,57,Female,9485135286
C450,Onkar Goyal,46,Female,9629410890
C451,Saanvi Bhatia,32,Male,9829560465
C452,Romil Edwin,39,Other,9393677385
C453,Renee Swaminathan,34,Other,9361496640
C454,Anahi Ratta,53,Male,9556165216
C455,Anvi Tank,43,Female,9510551410
C456,Eva Doctor,32,Other,9461412397
C457,Tiya Dutt,22,Female,9243961123
C458,Renee Dara,45,Other,9366314544
C459,Chirag Mane,54,Male,9058252077
C460,Inaaya  Borah,51,Male,9475932791
C461,Lavanya D’Alia,25,Male,9327384818
C462,Kanav Bhattacharyya,32,Other,9860007710
C463,Jivin ,39,Female,9131244140
C464,Pari Varghese,56,Female,9583566824
C465,Nakul Bail,32,Male,9723551065
C466,Prisha Ravel,21,Other,9548382569
C467,Rhea Bhasin,51,Male,9982048532
C468,Fateh Bahri,23,Other,9867128828
C469,Nirvaan Keer,29,Other,9043392151
C470,Tanya Vig,58,Other,9384155368
C471,Ishita Madan,30,Male,9676669823
C472,Misha Rout,42,Female,9972077660
C473,Mahika Dugal,60,Male,9235179722
C474,Nishith Edwin,59,Female,9615191245
C475,Nitya Varughese,40,Other,9173055762
C476,Hunar Wason,22,Other,9136688883
C477,Nirvaan Halder,29,Male,9165612174
C478,Emir Kohli,34,Male,9022388717
C479,Zeeshan Majumdar,58,Male,9858985695
C480,Kismat Iyengar,24,Female,9965598117
C481,Neelofar Banerjee,54,Other,9629564962
C482,Tiya Butala,28,Other,9619084654
C483,Kashvi Jhaveri,35,Male,9649813601
C484,Vedika Solanki,40,Other,9568843641
C485,Faiyaz Barman,21,Other,9377091246
C486,Lakshit Halder,29,Male,9469873238
C487,Kavya Kakar,51,Other,9613657741
C488,Dhanush Thakkar,30,Male,9339932548
C489,Ahana  Tailor,34,Other,9368497434
C490,Rhea Shroff,35,Female,9136160350
C491,Shlok Magar,57,Male,9645089934
C492,Ishaan Chad,33,Female,9558768708
C493,Mannat Acharya,22,Other,9882906908
C494,Miraan Choudhry,20,Other,9451035806
C495,Neelofar Doshi,42,Other,9743283464
C496,Jivika Kota,60,Other,9408159051
C497,Zaina Grover,45,Male,9481077120
C498,Biju Darpe,46,Female,9151549461
C499,Navya Hora,31,Other,9455643417
C500,Advik Mand,59,Other,9507910425
C501,Dharmajan Mane,41,Male,9931319577
C502,Myra Sangha,47,Male,9178520111
C503,Ela Desai,34,Other,9964408989
C504,Riaan Bhakta,18,Male,9994182087
C505,Taran Lata,42,Male,9717328847
C506,Jayan Lanka,31,Male,9025194152
C507,Bhamini Wadhwa,46,Other,9565978208
C508,Mehul Chandra,47,Female,9545153682
C509,Nakul Shah,39,Other,9650812265
C510,Anay Deshmukh,45,Male,9423900611
C511,Vaibhav Rao,22,Female,9610315003
C512,Tara Thakur,28,Other,9654848418
C513,Kabir Kale,34,Other,9839396857
C514,Elakshi Sankaran,41,Female,9909407925
C515,Eva Saha,34,Male,9988483865
C516,Kimaya Karnik,33,Female,9505441924
C517,Mehul Hans,38,Female,9906155008
C518,Shayak Sant,40,Male,9066323725
C519,Mannat Sidhu,16,Female,9708923398
C520,Kartik Chanda,53,Other,9555893671
C521,Nitya Boase,34,Other,9126142797
C522,Miraya Baral,18,Other,9270634286
C523,Zeeshan Savant,27,Male,9227659999
C524,Manjari Sampath,43,Female,9274484879
C525,Hridaan Kumer,24,Male,9257295330
C526,Jayesh Krishnamurthy,56,Other,9280520879
C527,Onkar Master,47,Male,9692671501
C528,Ivan Sathe,35,Female,9350168780
C529,Farhan Gala,50,Other,9991535143
C530,Hazel Sarna,16,Other,9766261160
C531,Oorja Bir,57,Male,9120044912
C532,Kabir Sarin,60,Other,9764432679
C533,Seher Bhagat,24,Female,9374691432
C534,Aaina Choudhury,28,Male,9271432132
C535,Nitya Loke,57,Male,9297312909
C536,Ryan Sastry,46,Male,9999090348
C537,Neysa Ghosh,17,Other,9569352087
C538,Nishith Saha,52,Female,9747280685
C539,Veer Brahmbhatt,58,Other,9388995181
C540,Lavanya Dasgupta,43,Male,9137133118
C541,Ishita Chander,46,Female,9316039968
C542,Shanaya Korpal,19,Male,9661365680
C543,Baiju Talwar,37,Male,9568068462
C544,Hunar Andra,34,Male,9357948618
C545,Misha Khanna,42,Male,9107867855
C546,Renee Agrawal,31,Female,9820415004
C547,Kimaya Rana,35,Male,9350363461
C548,Rania Tandon,47,Male,9907237309
C549,Dhanuk Iyengar,42,Female,9304375829
C550,Zaina Borra,28,Female,9965740385
C551,Pranay Kurian,18,Female,9165310084
C552,Hiran Mani,35,Other,9494088514
C553,Advik Devan,57,Other,9085521250
C554,Armaan Kant,46,Female,9561894437
C555,Vanya Balakrishnan,30,Other,9444608437
C556,Madhup Raju,39,Male,9578047172
C557,Ranbir Bhandari,36,Male,9359528338
C558,Diya Sehgal,36,Female,9035748965
C559,Pari Gopal,24,Other,9024458574
C560,Adira Raj,40,Other,9137927788
C561,Miraan Jaggi,58,Other,9301734188
C562,Vedika Sengupta,59,Male,9498415957
C563,Veer Kakar,44,Male,9271312076
C564,Nehmat Khanna,23,Male,9489574399
C565,Vritika Zacharia,21,Female,9400603006
C566,Pihu Vasa,21,Other,9693434911
C567,Nitara Gour,43,Male,9103214361
C568,Tarini Contractor,35,Male,9179367771
C569,Pranay Mandal,48,Female,9539072104
C570,Hiran Bajwa,21,Male,9760509953
C571,Badal Bhakta,60,Other,9084479321
C572,Anahita Ganesan,19,Female,9514116656
C573,Baiju D’Alia,28,Other,9875042900
C574,Vritika Gala,32,Female,9118256717
C575,Adira Kurian,29,Other,9439687817
C576,Vanya Andra,20,Male,9451112957
C577,Oorja Kari,37,Other,9500429313
C578,Shaan Khare,34,Other,9749898353
C579,Jayan Sridhar,56,Male,9380325961
C580,Shray Gaba,58,Male,9941836761
C581,Lavanya Dar,28,Female,9206115572
C582,Zara Bir,24,Male,9873727729
C583,Saksham Chowdhury,33,Female,9922207309
C584,Nitya Dorane,54,Male,9004104408
C585,Pranay Maharaj,31,Female,9373437220
C586,Rohan Ganesan,56,Male,9367472136
C587,Lakshit Seth,26,Other,9438027994
C588,Jivin Comar,52,Other,9814893568
C589,Aayush Bhargava,55,Male,9501885527
C590,Sara Bandi,28,Male,9591528130
C591,Mamooty Lata,41,Other,9277128062
C592,Aradhya Chauhan,17,Other,9025346292
C593,Fateh Mangat,31,Female,9527522212
C594,Manjari Srinivasan,56,Male,9238201897
C595,Jivin Bajaj,48,Other,9955878375
C596,Neelofar Sura,52,Female,9498037170
C597,Tarini Bedi,22,Female,9227701892
C598,Hridaan Chanda,18,Other,9949460222
C599,Keya Badami,43,Other,9603254905
C600,Tara Vyas,55,Other,9425778261
C601,Rati Keer,53,Male,9939210200
C602,Armaan Mangal,58,Female,9626149432
C603,Rhea Tank,57,Other,9487688935
C604,Taimur Kala,29,Female,9566485202
C605,Ayesha Varghese,47,Other,9141278718
C606,Misha Vasa,34,Other,9542080629
C607,Vanya Sahota,56,Other,9829452988
C608,Zeeshan Varma,33,Female,9519190823
C609,Uthkarsh Bansal,29,Female,9264462032
C610,Anahita Contractor,20,Other,9795647531
C611,Ryan Bhatt,50,Female,9883436245
C612,Khushi Krishnamurthy,38,Female,9502190726
C613,Azad Sundaram,44,Male,9673654706
C614,Ivana Bhasin,21,Female,9945544595
C615,Dharmajan Chandran,58,Male,9799594475
C616,Shlok Bhandari,38,Female,9472627337
C617,Riya Barman,20,Other,9795247561
C618,Pihu Saraf,27,Male,9741558825
C619,Biju Sood,33,Male,9748509387
C620,Manjari Kade,36,Male,9996719756
C621,Mohanlal Sant,37,Male,9053468181
C622,Ela Wason,54,Male,9280925633
C623,Anaya Rege,18,Male,9660010602
C624,Parinaaz Malhotra,40,Other,9193360631
C625,Parinaaz Din,40,Male,9773152221
C626,Zaina Borde,59,Other,9922863802
C627,Lakshit Agate,27,Male,9133895271
C628,Jivika Ramakrishnan,53,Male,9155135004
C629,Uthkarsh Bhakta,29,Female,9688644676
C630,Seher Sankar,20,Female,9028923656
C631,Ritvik Rao,59,Other,9590646776
C632,Ivana Divan,36,Male,9649861963
C633,Kiara Choudhry,54,Female,9001119439
C634,Urvi Varghese,56,Other,9562323867
C635,Ela Kala,35,Female,9821471897
C636,Adah Mangal,60,Female,9873415583
C637,Zoya Sandhu,52,Other,9556160320
C638,Purab Kalla,19,Other,9804690797
C639,Arnav Khare,43,Male,9224574563
C640,Suhana Mani,59,Male,9932797419
C641,Kiaan Kaul,20,Male,9051789320
C642,Manjari Kumar,47,Male,9321505482
C643,Divit Upadhyay,18,Other,9734102688
C644,Divit Desai,53,Other,9632386178
C645,Heer Kara,35,Other,9942840019
C646,Divyansh Magar,23,Other,9675924963
C647,Damini Mannan,59,Male,9912901198
C648,Rati Shetty,41,Male,9045501728
C649,Drishya Choudhary,38,Female,9971299106
C650,Yuvraj  Chauhan,46,Female,9358072557
C651,Inaaya  Rattan,38,Male,9235202690
C652,Kartik Mangat,27,Male,9634349975
C653,Sana Bhakta,21,Male,9411912346
C654,Gatik Dhar,39,Male,9871097782
C655,Drishya Banerjee,37,Male,9630584228
C656,Myra Randhawa,60,Male,9169021391
C657,Rasha Arya,39,Other,9231861349
C658,Adah Tiwari,57,Female,9336144167
C659,Indrans Bedi,56,Female,9595258370
C660,Zoya Deol,32,Other,9960476799
C661,Vedika Swamy,23,Other,9435122656
C662,Aarush Chadha,34,Male,9875914240
C663,Diya Kuruvilla,47,Male,9395463661
C664,Rasha Lata,29,Other,9768765311
C665,Aradhya Sandhu,22,Male,9544765062
C666,Mahika Setty,37,Female,9347696499
C667,Shanaya Dar,47,Female,9037612868
C668,Parinaaz Bora,49,Female,9820971155
C669,Khushi Bhagat,32,Female,9081873956
C670,Ahana  Chanda,25,Male,9062326404
C671,Anika Jha,17,Female,9038657065
C672,Ranbir Bahri,36,Male,9542026409
C673,Mohanlal Taneja,37,Other,9855091591
C674,Faiyaz Comar,42,Male,9859012365
C675,Badal Zachariah,55,Male,9609165444
C676,Riya Ray,18,Female,9551384407
C677,Azad Apte,25,Other,9683727813
C678,Kaira Choudhry,54,Other,9531652826
C679,Darshit Lala,55,Female,9224317344
C680,Hrishita Varghese,44,Other,9512645373
C681,Nitya Dada,28,Female,9113946112
C682,Veer Tank,44,Male,9069004315
C683,Eva Swamy,28,Male,9311282219
C684,Khushi Sarna,57,Female,9224915458
C685,Urvi Choudhary,44,Female,9494630699
C686,Hrishita Gour,57,Other,9865209827
C687,Riya Majumdar,51,Female,9773088355
C688,Shlok Bora,46,Female,9001747196
C689,Zaina Rajagopalan,56,Male,9336927821
C690,Yashvi Char,45,Female,9838497110
C691,Vaibhav Bhattacharyya,54,Other,9476815930
C692,Eshani Jaggi,54,Female,9722895998
C693,Elakshi Baral,23,Male,9653751303
C694,Kiaan Kannan,48,Other,9891690917
C695,Misha Roy,17,Female,9877698368
C696,Kismat Bhatti,32,Other,9992817042
C697,Drishya Cheema,26,Other,9658079248
C698,Jhanvi Grewal,53,Male,9500829701
C699,Baiju Srinivasan,34,Male,9502043304
C700,Jayant Sura,23,Other,9173820506
C701,Biju Datta,57,Other,9731329642
C702,Jayant Balakrishnan,37,Other,9043171450
C703,Indrans Wali,51,Female,9482664245
C704,Stuvan Chaudry,24,Male,9343538075
C705,Sara Jain,22,Male,9091356808
C706,Tejas Chaudhari,57,Other,9767967194
C707,Umang Ramesh,32,Male,9817545251
C708,Manikya Sunder,29,Female,9288778384
C709,Reyansh Aurora,44,Other,9716579485
C710,Yakshit Savant,38,Male,9432025247
C711,Divyansh Tella,60,Other,9485811475
C712,Kashvi Thaker,21,Male,9184566103
C713,Fateh Apte,52,Other,9894652871
C714,Nakul Saran,60,Male,9428392727
C715,Tiya Mammen,16,Other,9515241623
C716,Akarsh Madan,18,Other,9361664833
C717,Piya Solanki,20,Female,9608240568
C718,Nitya Dora,54,Other,9528884706
C719,Emir Bahl,30,Female,9321308986
C720,Shray Kanda,54,Female,9550658106
C721,Himmat Shankar,49,Female,9868232566
C722,Tiya Hayre,43,Female,9411576911
C723,Ela Mand,57,Other,9179452295
C724,Ranbir Tailor,59,Female,9429788419
C725,Kavya Gara,48,Male,9452080842
C726,Amira Mangat,24,Other,9196838739
C727,Raunak Sarin,37,Male,9847179311
C728,Kiara Dash,53,Male,9533980248
C729,Aayush Bora,52,Male,9635711651
C730,Vritika Venkataraman,28,Other,9600653665
C731,Chirag Choudhury,37,Other,9184788651
C732,Hunar Barad,51,Other,9397082399
C733,Dhanush Sani,22,Male,9999053214
C734,Aarush Thaman,41,Female,9118034490
C735,Samaira Cheema,28,Other,9277994611
C736,Aniruddh Madan,39,Female,9092186874
C737,Himmat Tank,27,Female,9622495935
C738,Mishti Sehgal,60,Other,9055332678
C739,Anika Chaudhary,57,Other,9782323581
C740,Pari Chowdhury,39,Other,9582637732
C741,Bhavin Kota,53,Other,9005621876
C742,Rasha Dhar,25,Female,9507752229
C743,Mishti Brar,42,Male,9106833661
C744,Kiaan Mahajan,20,Male,9182504319
C745,Vivaan Vasa,32,Other,9072118190
C746,Bhamini Viswanathan,33,Male,9774843703
C747,Prerak Solanki,27,Female,9135852252
C748,Divyansh Sandal,48,Female,9668272308
C749,Neelofar Thaman,22,Male,9886192180
C750,Ira Subramaniam,41,Female,9858947000
C751,Emir Bhandari,48,Female,9975337126
C752,Manikya Deshpande,44,Other,9037078953
C753,Divij Koshy,40,Male,9830877754
C754,Mehul Bhakta,47,Male,9001526557
C755,Lavanya Rajagopal,20,Male,9848803011
C756,Shalv Barad,44,Other,9645142404
C757,Kartik Suri,48,Female,9509554229
C758,Shlok Bobal,26,Female,9254860046
C759,Yasmin Chakrabarti,35,Male,9085397352
C760,Suhana Varughese,59,Male,9068394712
C761,Indranil Balay,53,Male,9839954670
C762,Rasha Sem,32,Female,9849032988
C763,Diya Ramesh,48,Female,9958448042
C764,Chirag Mand,39,Female,9888510837
C765,Jiya Datta,42,Female,9563335555
C766,Devansh Toor,51,Male,9575553704
C767,Lakshay Dugar,51,Other,9079602309
C768,Samaira Dhaliwal,31,Female,9542406524
C769,Arnav Rege,22,Other,9412736786
C770,Zeeshan Bhatt,50,Other,9406611965
C771,Samiha Sachdeva,40,Other,9928086635
C772,Tushar Bhargava,33,Female,9178614850
C773,Tanya Karan,34,Female,9104369351
C774,Rohan Sem,29,Male,9540302141
C775,Hrishita Cherian,27,Female,9997881274
C776,Vidur Edwin,45,Female,9121197890
C777,Divit Ramachandran,58,Male,9441303797
C778,Pihu Guha,27,Female,9628003355
C779,Mishti Lalla,28,Female,9297325161
C780,Lakshay Swaminathan,49,Female,9682084907
C781,Krish Sarin,34,Male,9105038167
C782,Rati Boase,18,Other,9150801376
C783,Amira Sarraf,53,Male,9384482872
C784,Divij Kurian,49,Male,9747475073
C785,Taran Gala,58,Other,9636508474
C786,Piya Balakrishnan,55,Female,9279256090
C787,Mehul Hayer,31,Female,9037234929
C788,Kimaya Tandon,30,Male,9122524585
C789,Kanav Kumer,56,Other,9054080227
C790,Navya Vala,22,Female,9788453346
C791,Vritika Savant,29,Other,9594104345
C792,Pari De,28,Other,9324191260
C793,Tara Bakshi,24,Other,9926096558
C794,Ryan Agrawal,24,Other,9781228923
C795,Yuvraj  Goda,32,Other,9203223823
C796,Vanya Devi,25,Other,9577959725
C797,Samarth Lata,36,Other,9068375437
C798,Ivana Sood,27,Other,9539759813
C799,Himmat Sampath,42,Female,9838343264
C800,Aniruddh Dugar,45,Other,9923775599
C801,Advik Dhaliwal,34,Male,9501349372
C802,Drishya Setty,51,Female,9351661556
C803,Saanvi Shah,58,Male,9838222774
C804,Azad Kata,17,Male,9950444091
C805,Faiyaz Sahota,38,Other,9105195968
C806,Vritika Varma,49,Other,9917674338
C807,Arnav Bhagat,18,Female,9912389874
C808,Chirag Aurora,19,Male,9014101671
C809,Dhanush Deol,39,Female,9263446459
C810,Nehmat Kulkarni,51,Other,9606585592
C811,Kartik Khosla,33,Male,9324681011
C812,Nayantara Wali,38,Female,9572634614
C813,Saanvi Edwin,44,Other,9125304865
C814,Neysa Randhawa,16,Other,9607222096
C815,Ranbir Lad,38,Other,9531563396
C816,Elakshi Bhardwaj,28,Other,9019650225
C817,Amani Krish,22,Male,9044662488
C818,Mehul Ramachandran,37,Female,9329682623
C819,Tiya Joshi,53,Other,9227416790
C820,Himmat Dara,24,Other,9486832590
C821,Aniruddh Chanda,18,Female,9052928199
C822,Heer Atwal,52,Male,9795692315
C823,Kashvi Raj,57,Male,9492705316
C824,Bhamini Anne,39,Male,9480829227
C825,Abram Dugal,45,Female,9581872829
C826,Nayantara Lad,53,Other,9075236999
C827,Ela Loyal,29,Female,9285900900
C828,Bhavin Andra,33,Other,9023164405
C829,Hunar Baral,56,Female,9494528645
C830,Advik Khatri,55,Male,9826848177
C831,Sahil Khare,48,Female,9990217678
C832,Neelofar Chada,36,Other,9319590346
C833,Pihu Hayer,20,Other,9506750062
C834,Vardaniya Joshi,43,Male,9426736706
C835,Kaira Bera,45,Female,9173069805
C836,Dharmajan Sridhar,22,Other,9510328083
C837,Krish Seshadri,60,Female,9777171281
C838,Siya Gara,16,Other,9310595497
C839,Nishith Varty,51,Male,9739099197
C840,Manikya Shanker,51,Other,9437498514
C841,Bhavin Bahl,58,Other,9773438728
C842,Hunar Chad,60,Male,9901506897
C843,Neelofar Sachdeva,17,Other,9736522379
C844,Jhanvi Deep,17,Other,9260423172
C845,Jayant Basak,57,Female,9698822929
C846,Shanaya Dua,60,Other,9340844702
C847,Jivika Baria,53,Male,9325710968
C848,Parinaaz Sani,55,Male,9755449891
C849,Jivika Rao,55,Female,9315639108
C850,Arhaan Gara,52,Female,9540010052
C851,Amani Khosla,58,Male,9509899002
C852,Shray Bava,35,Female,9330580277
C853,Azad Kurian,35,Other,9061804851
C854,Kavya Srinivasan,29,Other,9406145304
C855,Hrishita Wadhwa,45,Male,9195742132
C856,Advik Sahni,17,Male,9093478444
C857,Baiju Hari,29,Male,9099461906
C858,Ryan Bhatti,36,Other,9821739557
C859,Shray Dhawan,30,Male,9491488420
C860,Divit Karnik,43,Female,9757222644
C861,Krish Goel,24,Female,9433487231
C862,Vivaan Bhandari,38,Female,9984404655
C863,Pari Sharma,43,Male,9888915982
C864,Shray Sur,38,Male,9036779265
C865,Fateh Sachdev,54,Female,9079271068
C866,Emir Vyas,18,Male,9560661536
C867,Samiha Lala,28,Male,9728552898
C868,Mohanlal Bhat,28,Male,9956703463
C869,Keya Chahal,27,Male,9089745756
C870,Faiyaz Garg,20,Other,9890981733
C871,Tara Vora,29,Male,9531738580
C872,Kabir Shere,55,Other,9434639186
C873,Indrajit Mani,58,Other,9790255868
C874,Drishya Borra,16,Other,9945687249
C875,Vritika Soni,31,Other,9479543292
C876,Azad Bir,50,Female,9606247110
C877,Samiha Gupta,22,Male,9308172435
C878,Advik Gulati,51,Male,9853568579
C879,Anvi Sathe,48,Other,9965935449
C880,Oorja Sehgal,57,Female,9336883760
C881,Zoya Madan,21,Other,9425630431
C882,Hridaan Bansal,29,Female,9596454703
C883,Indrans Chatterjee,17,Other,9272701053
C884,Darshit Lad,37,Other,9596985070
C885,Sumer Arya,35,Male,9475273477
C886,Purab Khalsa,23,Male,9893014927
C887,Aarav Sur,48,Female,9581908785
C888,Suhana Ravel,46,Other,9893414179
C889,Armaan Comar,57,Female,9246185718
C890,Amira Bir,21,Male,9615181612
C891,Jivin Sawhney,51,Male,9555610405
C892,Aarush Sharaf,22,Other,9231199945
C893,Drishya Jayaraman,51,Other,9570102146
C894,Yashvi Dutt,44,Male,9474429778
C895,Uthkarsh Kurian,29,Male,9147775597
C896,Lakshay Chaudry,26,Female,9708411035
C897,Zain Arya,52,Other,9393970238
C898,Tanya Chatterjee,28,Other,9069385903
C899,Jivin Ratta,54,Other,9989313557
C900,Aarav Talwar,56,Female,9251498951
C901,Lagan Seshadri,16,Other,9189255827
C902,Yuvaan Madan,22,Other,9777807031
C903,Purab Wadhwa,31,Male,9547335415
C904,Abram Trivedi,33,Other,9689507166
C905,Vivaan Rana,30,Other,9431962863
C906,Alia Varty,43,Other,9593572105
C907,Rati Bahl,41,Male,9886735494
C908,Alisha Koshy,17,Male,9262006218
C909,Aaryahi Gill,60,Male,9623014867
C910,Krish Chakraborty,28,Male,9245331060
C911,Jivin Sagar,24,Female,9980493232
C912,Abram Khatri,34,Other,9237964812
C913,Emir Anne,37,Other,9593264891
C914,Ryan Krish,35,Female,9007400506
C915,Hansh Mannan,43,Female,9269464155
C916,Chirag Datta,42,Other,9567168805
C917,Kimaya Desai,22,Other,9795017456
C918,Pranay Toor,17,Female,9441139349
C919,Shaan Sethi,57,Male,9442217899
C920,Vardaniya Tripathi,23,Female,9113866770
C921,Ojas Bhatia,39,Female,9744267007
C922,Shray Gara,24,Male,9231746968
C923,Sumer Agate,55,Male,9669075393
C924,Nehmat Basak,47,Other,9977918686
C925,Manjari Sawhney,44,Other,9956894083
C926,Tara Sengupta,46,Male,9260956299
C927,Advik Mann,27,Male,9593072708
C928,Emir Varghese,57,Male,9965932892
C929,Mamooty Lall,43,Female,9537890951
C930,Saanvi Shroff,18,Male,9423961792
C931,Vedika Badami,35,Male,9361915582
C932,Anahita Aggarwal,28,Other,9878481970
C933,Hansh Bobal,24,Female,9431741194
C934,Reyansh Balay,39,Male,9688495086
C935,Samarth Shroff,52,Other,9668355617
C936,Rhea Garde,49,Other,9672160694
C937,Charvi Krishna,29,Other,9917044598
C938,Vihaan Kulkarni,34,Male,9440251308
C939,Zeeshan Guha,47,Female,9510364074
C940,Krish Bains,39,Female,9903622376
C941,Prerak Varkey,36,Male,9215839492
C942,Dhruv Hari,34,Male,9068174154
C943,Mamooty Mallick,36,Other,9779192338
C944,Miraya Baria,43,Male,9210813110
C945,Ela Bhavsar,53,Other,9931503603
C946,Zaina Basu,47,Female,9414164086
C947,Vardaniya Sankar,50,Female,9222334276
C948,Anya Garde,52,Male,9728568729
C949,Oorja Karnik,42,Male,9349627317
C950,Mannat Srinivas,53,Other,9444946003
C951,Ivan Bose,47,Other,9989318149
C952,Hunar Chaudhry,59,Female,9675102963
C953,Taran Ray,60,Male,9145446410
C954,Mannat Wason,57,Female,9328370689
C955,Ehsaan Bhatti,22,Female,9665320220
C956,Anika Sandhu,24,Female,9678652771
C957,Reyansh Srinivas,60,Other,9844358040
C958,Neysa Venkataraman,43,Male,9250953868
C959,Chirag Varma,33,Male,9302885562
C960,Bhavin Sane,16,Male,9885636381
C961,Anvi Varghese,48,Female,9768306920
C962,Rohan Chaudhry,28,Male,9120821384
C963,Farhan Sridhar,58,Male,9910800511
C964,Ryan Tak,42,Other,9022383500
C965,Tiya Gandhi,26,Male,9824624373
C966,Kabir Baral,55,Female,9568317397
C967,Dhruv Dutta,29,Female,9264789971
C968,Manikya Cheema,27,Female,9924723520
C969,Kismat Tank,36,Other,9070815521
C970,Miraya Golla,35,Other,9636006329
C971,Sana Mani,29,Female,9390712591
C972,Himmat Sami,49,Other,9030451314
C973,Ela Keer,34,Male,9916618417
C974,Keya Garde,49,Male,9768804378
C975,Jayesh Manda,23,Female,9124385630
C976,Kartik Sathe,16,Male,9119687623
C977,Samar Chand,31,Female,9267932934
C978,Samar Yadav,55,Other,9624509566
C979,Divij Gandhi,23,Female,9211464726
C980,Tushar Wagle,19,Female,9137430752
C981,Purab Kala,57,Female,9690042413
C982,Ranbir Lal,37,Female,9913313718
C983,Ivana Bumb,25,Female,9012495604
C984,Arhaan Acharya,29,Male,9979904816
C985,Sara Kamdar,50,Male,9350689773
C986,Bhamini Bobal,49,Other,9821915749
C987,Yuvraj  Handa,19,Female,9597594451
C988,Indranil Deep,37,Other,9030473353
C989,Nehmat Sankaran,17,Other,9453583770
C990,Ranbir Krish,17,Other,9843919903
C991,Kaira Golla,51,Other,9444197707
C992,Shanaya Kaur,48,Female,9095822894
C993,Ahana  Jhaveri,53,Female,9505839658
C994,Inaaya  Sundaram,25,Male,9847021324
C995,Fateh Sarna,56,Other,9779321026
C996,Mannat Sem,34,Other,9747672758
C997,Ela Din,52,Female,9856918967
C998,Manikya Biswas,22,Other,9641272660
C999,Kavya Tailor,51,Female,9346974059
C1000,Ivan Wagle,19,Male,9948832350
C1001,Elakshi Brar,43,Other,9649040168
C1002,Mehul Venkataraman,50,Male,9063696316
C1003,Vedika Grover,54,Female,9295440007
C1004,Navya Sheth,41,Other,9154206800
C1005,Darshit Sehgal,48,Male,9232358039
C1006,Vedika Dash,20,Female,9093729767
C1007,Trisha Bumb,58,Male,9843930703
C1008,Miraan Boase,43,Male,9135053435
C1009,Ira Bobal,29,Other,9385989421
C1010,Charvi Soman,20,Female,9147909940
C1011,Sahil De,36,Male,9736326168
C1012,Charvi Sunder,50,Other,9630401920
C1013,Ehsaan Sarkar,16,Male,9631019122
C1014,Nitya Mand,24,Female,9063954984
C1015,Samarth Choudhry,57,Female,9646405282
C1016,Himmat Borde,33,Male,9419101156
C1017,Chirag Bhardwaj,60,Male,9962986597
C1018,Jivika Basak,35,Female,9795883875
C1019,Keya D’Alia,41,Female,9398938704
C1020,Dhanush Bala,59,Female,9189667413
C1021,Shalv Loyal,48,Male,9598179994
C1022,Shaan Dave,25,Other,9556302592
C1023,Armaan Bail,22,Male,9321657118
C1024,Shaan Borde,37,Other,9003940547
C1025,Nirvaan Sahota,50,Male,9420488734
C1026,Jiya Dass,52,Other,9753161320
C1027,Anaya Shan,37,Female,9774783726
C1028,Hrishita Sethi,41,Male,9925901957
C1029,Zeeshan Arya,28,Other,9480824226
C1030,Arnav Sura,37,Male,9388269847
C1031,Rati Dada,34,Female,9958986187
C1032,Rasha Borah,22,Female,9540057268
C1033,Gatik Balasubramanian,57,Male,9583514598
C1034,Ira Golla,38,Male,9186493625
C1035,Veer Grover,50,Female,9333599702
C1036,Abram Gopal,48,Other,9828662557
C1037,Arhaan Lall,25,Female,9538622268
C1038,Ojas Rattan,34,Male,9336351901
C1039,Dhanuk Wadhwa,19,Other,9258112244
C1040,Priyansh Edwin,16,Male,9589926187
C1041,Yuvaan Dayal,41,Male,9618439958
C1042,Anya Chandra,34,Other,9353190481
C1043,Elakshi Hans,37,Male,9224108006
C1044,Dishani Doshi,21,Other,9061650381
C1045,Adah Mahal,60,Other,9573627444
C1046,Mamooty Bajaj,16,Female,9689869753
C1047,Mehul Sankaran,48,Male,9638421256
C1048,Kashvi Wagle,43,Male,9866561468
C1049,Aarav Kohli,18,Male,9341223339
C1050,Lagan Gandhi,18,Other,9073213051
C1051,Mehul Joshi,17,Female,9489113525
C1052,Ehsaan Soman,60,Other,9373767593
C1053,Ryan Sur,56,Other,9351961197
C1054,Anika Kar,18,Female,9882206886
C1055,Yakshit Hari,54,Female,9608105542
C1056,Vanya Badami,40,Male,9220797580
C1057,Vaibhav Kalla,27,Female,9611123162
C1058,Indrajit Behl,32,Other,9105790135
C1059,Aarush Subramanian,22,Female,9307815354
C1060,Kimaya Desai,38,Female,9797318197
C1061,Lakshit Kade,17,Other,9859730137
C1062,Abram Bera,54,Female,9864527736
C1063,Jivika Ravel,55,Female,9998282162
C1064,Yashvi Shere,58,Male,9814735734
C1065,Akarsh Mander,55,Other,9136660589
C1066,Tanya Khurana,27,Other,9930243648
C1067,Aradhya Gera,16,Other,9184844960
C1068,Prisha Wason,43,Female,9091344124
C1069,Shayak Buch,57,Other,9790740906
C1070,Anaya Chakraborty,37,Other,9952649426
C1071,Vihaan Bobal,53,Other,9442977203
C1072,Samaira Ghose,22,Female,9922301932
C1073,Rohan Mane,36,Male,9480500839
C1074,Anvi Sagar,42,Female,9390689747
C1075,Emir Randhawa,37,Other,9945019732
C1076,Madhav D’Alia,34,Female,9818806357
C1077,Emir Manda,39,Male,9962307500
C1078,Rasha Luthra,58,Male,9562045948
C1079,Ojas Sabharwal,38,Male,9590766671
C1080,Nishith Halder,49,Male,9481727015
C1081,Himmat Khosla,24,Other,9353459746
C1082,Piya Halder,39,Other,9877655053
C1083,Romil Gole,17,Female,9844672925
C1084,Ishita Aurora,39,Male,9720345518
C1085,Abram Bhat,29,Other,9365196397
C1086,Raghav Sanghvi,54,Other,9659774782
C1087,Advik De,41,Female,9090563023
C1088,Gatik Bail,24,Male,9154714970
C1089,Drishya Venkataraman,53,Male,9613965943
C1090,Eva Lad,28,Female,9837187627
C1091,Ira Savant,34,Other,9544809231
C1092,Bhamini Ravi,50,Male,9991441055
C1093,Seher Bhandari,43,Other,9006296492
C1094,Tejas Guha,32,Other,9174239095
C1095,Ivan Gola,56,Male,9445042380
C1096,Jayesh Goyal,28,Other,9602782067
C1097,Saira Behl,31,Male,9975570547
C1098,Nehmat Karpe,37,Female,9409207827
C1099,Keya Rajan,53,Other,9903440734
C1100,Kiaan Deol,59,Male,9909668575
C1101,Himmat Shanker,23,Female,9658142266
C1102,Pari Varma,24,Other,9241659677
C1103,Veer Master,38,Female,9816094698
C1104,Oorja Soman,42,Male,9963720460
C1105,Kaira Bassi,22,Other,9704574707
C1106,Amani Golla,18,Female,9669119833
C1107,Sana Sawhney,39,Male,9687385110
C1108,Chirag Batta,50,Other,9214740425
C1109,Raunak Khalsa,26,Other,9627601598
C1110,Jivika Behl,37,Male,9435308407
C1111,Nakul Jha,56,Other,9795439712
C1112,Vedika Varkey,23,Other,9448941254
C1113,Dhanuk Din,45,Female,9915807895
C1114,Neelofar Karpe,42,Other,9545534553
C1115,Aarush Joshi,27,Female,9121289520
C1116,Nitya Saini,48,Male,9587695409
C1117,Vihaan Sastry,19,Male,9515184560
C1118,Manjari Kota,18,Other,9644101518
C1119,Prisha Hayer,39,Other,9315100614
C1120,Jivin Sankaran,21,Other,9113745267
C1121,Ishita Jaggi,43,Other,9873112887
C1122,Trisha Ramaswamy,16,Male,9064241745
C1123,Dhanuk Yadav,57,Male,9216289450
C1124,Tiya Lal,57,Other,9849803903
C1125,Heer Bahri,46,Male,9157409762
C1126,Miraan Comar,54,Female,9625834984
C1127,Zaina Shroff,36,Female,9315708884
C1128,Prisha Mani,45,Other,9644862224
C1129,Nayantara Divan,43,Other,9370460887
C1130,Ivan Kar,20,Male,9308605046
C1131,Anay Varghese,42,Male,9189367103
C1132,Shalv Kant,44,Other,9016696204
C1133,Yashvi Mall,55,Female,9342577348
C1134,Samarth Toor,52,Other,9611753179
C1135,Keya Bhavsar,26,Male,9275902119
C1136,Rasha Bhagat,56,Other,9383747702
C1137,Shalv Joshi,55,Male,9192266161
C1138,Miraan Lata,46,Female,9763680333
C1139,Jayesh Bahri,59,Male,9354809396
C1140,Saira Dayal,57,Other,9391313562
C1141,Vaibhav Doshi,30,Other,9715857772
C1142,Hazel Mannan,44,Male,9073981975
C1143,Armaan Garg,20,Male,9781282398
C1144,Adah Anand,22,Female,9396471106
C1145,Tejas Issac,20,Male,9030722963
C1146,Vanya Kamdar,17,Other,9022677316
C1147,Piya Ganesan,16,Male,9165504854
C1148,Lakshay Bawa,44,Other,9294994561
C1149,Sana Kapadia,18,Other,9100255125
C1150,Madhav Handa,18,Female,9953218540
C1151,Pihu Thakur,49,Female,9851988953
C1152,Romil Som,57,Other,9089767752
C1153,Devansh Shan,54,Female,9067098929
C1154,Jayant Sandal,37,Female,9215301413
C1155,Ela Agate,24,Male,9162120980
C1156,Ehsaan Chahal,37,Female,9147527329
C1157,Hunar Yadav,22,Other,9277220772
C1158,Vanya Kala,42,Female,9918023032
C1159,Zain Ghose,27,Other,9906347993
C1160,Nayantara Dixit,45,Male,9942478341
C1161,Kimaya Dyal,36,Other,9421023257
C1162,Ahana  Hari,29,Female,9604630930
C1163,Farhan Dada,48,Other,9233931253
C1164,Ivan Guha,36,Female,9028206099
C1165,Kismat Kumer,48,Male,9053078861
C1166,Prisha Magar,20,Female,9404459016
C1167,Tanya Viswanathan,18,Female,9324944525
C1168,Indrajit Loke,18,Other,9883576234
C1169,Vivaan Barad,54,Male,9657728943
C1170,Prisha Sundaram,59,Other,9771430366
C1171,Ehsaan Krishnamurthy,23,Female,9316716079
C1172,Neysa Gupta,25,Male,9525121051
C1173,Jayant Sharma,51,Other,9957064766
C1174,Mahika Subramaniam,29,Other,9293284190
C1175,Vedika Mander,30,Male,9805154605
C1176,Shray Swaminathan,40,Male,9897836622
C1177,Ela Kota,17,Male,9517168660
C1178,Saira Mammen,27,Female,9071585568
C1179,Sahil Chahal,27,Male,9303431860
C1180,Nirvi Kata,26,Female,9019267864
C1181,Uthkarsh Kulkarni,54,Female,9674453299
C1182,Zaina Reddy,58,Male,9334529200
C1183,Ranbir Bali,27,Male,9387336047
C1184,Trisha Choudhary,33,Other,9357990799
C1185,Advika Kumar,24,Female,9236980975
C1186,Jivika Badami,44,Female,9438849432
C1187,Heer Atwal,59,Other,9837929105
C1188,Adah Sharaf,20,Male,9920987342
C1189,Kanav Chakrabarti,54,Other,9617287447
C1190,Jayesh Rajagopalan,39,Female,9886356425
C1191,Tushar Biswas,40,Male,9457505789
C1192,Bhamini Sood,28,Male,9440819631
C1193,Shaan Balay,28,Male,9133008579
C1194,Dharmajan Ranganathan,32,Male,9569326022
C1195,Dishani Dasgupta,31,Female,9253075653
C1196,Vaibhav Kibe,36,Female,9445458994
C1197,Ahana  Loke,38,Other,9000322482
C1198,Zaina Raj,40,Other,9439651512
C1199,Nayantara Atwal,21,Other,9409970645
C1200,Indranil Vora,59,Male,9708340426
C1201,Riya Khalsa,22,Other,9474264930
C1202,Aarush Singhal,44,Other,9094756620
C1203,Nitara Bora,28,Other,9415681552
C1204,Mohanlal Anand,24,Male,9009279497
C1205,Tushar Taneja,59,Male,9435686479
C1206,Yasmin Hegde,50,Male,9067994905
C1207,Zara Doctor,30,Female,9940045721
C1208,Vardaniya Biswas,21,Female,9875194862
C1209,Aradhya Dutta,21,Male,9240797174
C1210,Khushi Doctor,56,Male,9109437797
C1211,Shalv Ravi,54,Male,9552593780
C1212,Elakshi Khanna,51,Other,9332079313
C1213,Inaaya  Bassi,17,Other,9555411189
C1214,Neelofar Sankar,33,Male,9658258509
C1215,Drishya Choudhry,27,Male,9480802845
C1216,Indrajit Rajan,42,Other,9760404944
C1217,Raghav Bhattacharyya,19,Male,9954933395
C1218,Siya Thaker,36,Female,9597802885
C1219,Hazel Seth,27,Female,9611168592
C1220,Armaan Dave,30,Other,9523451153
C1221,Lakshit Datta,46,Other,9105345059
C1222,Sara Sachdev,52,Female,9666491772
C1223,Zara Khanna,20,Other,9365883989
C1224,Siya Tailor,39,Other,9991066841
C1225,Shray Sabharwal,43,Female,9804393866
C1226,Tanya Sachar,41,Male,9733590274
C1227,Aaina Thakkar,24,Male,9002970024
C1228,Eva Devan,28,Male,9244223631
C1229,Ryan Ghosh,35,Other,9813462236
C1230,Arhaan Shere,45,Other,9455410242
C1231,Manikya Kamdar,36,Other,9337307955
C1232,Mamooty Srinivas,53,Other,9082484509
C1233,Vardaniya Joshi,20,Male,9401015878
C1234,Tara Ahluwalia,36,Male,9656981444
C1235,Neysa Atwal,31,Male,9135191040
C1236,Priyansh Gandhi,51,Female,9569396409
C1237,Hrishita Basu,51,Female,9872145686
C1238,Alia Kohli,26,Male,9078257850
C1239,Nehmat Vig,57,Other,9250822971
C1240,Mannat Dugal,54,Female,9929895394
C1241,Trisha Acharya,41,Other,9171176604
C1242,Sumer Bava,53,Other,9210501522
C1243,Prerak Sanghvi,23,Other,9679299007
C1244,Trisha Shankar,28,Female,9720481137
C1245,Hunar Sinha,20,Female,9670853838
C1246,Anahi Bala,38,Other,9744074802
C1247,Madhup Krishnan,53,Female,9101220434
C1248,Ayesha Sani,20,Other,9971987736
C1249,Trisha Badami,44,Other,9538984355
C1250,Hazel Bhavsar,58,Female,9960358183
C1251,Aayush Kaul,37,Other,9757497319
C1252,Priyansh Vora,42,Female,9011018774
C1253,Jayesh Chhabra,58,Other,9368613846
C1254,Drishya Bedi,39,Other,9727375618
C1255,Aarav Gara,48,Male,9585637059
C1256,Dishani Dora,34,Other,9326347448
C1257,Sara Savant,55,Other,9086899325
C1258,Riaan Vyas,24,Female,9190279758
C1259,Shamik Sane,22,Male,9652230237
C1260,Pari Gara,38,Female,9384625993
C1261,Dishani Zachariah,34,Female,9837251395
C1262,Ahana  Divan,45,Male,9661445440
C1263,Shray Wason,29,Female,9919255247
C1264,Uthkarsh Chhabra,52,Female,9926709714
C1265,Samarth Kapadia,58,Other,9808417863
C1266,Anya Hayer,56,Male,9369797568
C1267,Aradhya Jha,37,Other,9492202799
C1268,Umang Varty,33,Male,9682489196
C1269,Kaira Sandal,20,Other,9398761834
C1270,Aarush Sangha,54,Female,9505295054
C1271,Hiran Chaudhry,34,Male,9092280838
C1272,Parinaaz Brar,37,Male,9429857639
C1273,Aaryahi Khare,56,Other,9999012438
C1274,Nishith Chanda,44,Male,9056472203
C1275,Saira Chaudry,47,Other,9295704812
C1276,Taimur Kalita,34,Male,9569415102
C1277,Anaya Chakrabarti,35,Other,9543996402
C1278,Rania Char,48,Male,9757813149
C1279,Divyansh Setty,45,Other,9160665196
C1280,Kartik Varghese,30,Other,9359556163
C1281,Madhav Dora,26,Male,9104784272
C1282,Sumer Tella,41,Male,9739779656
C1283,Shayak Behl,57,Other,9936455758
C1284,Ranbir Dugal,21,Other,9278359050
C1285,Samar Gour,41,Female,9581919905
C1286,Alia Dave,28,Other,9161377669
C1287,Dishani Balakrishnan,51,Male,9266061256
C1288,Lakshay Gara,37,Male,9066897887
C1289,Ivana Agarwal,19,Male,9164178191
C1290,Tiya Suresh,34,Female,9722706374
C1291,Faiyaz Dyal,40,Male,9581701728
C1292,Sara Dara,42,Female,9428489968
C1293,Ahana  Tripathi,30,Female,9053339276
C1294,Aarna Thakur,49,Female,9175887395
C1295,Vidur Ghose,36,Male,9339553715
C1296,Shray Suresh,50,Other,9173602146
C1297,Ritvik Suri,17,Female,9667068595
C1298,Shalv Trivedi,49,Male,9793282799
C1299,Hiran Kari,39,Female,9156827337
C1300,Anaya Tella,25,Male,9080955894
C1301,Arhaan Madan,53,Other,9608099140
C1302,Kiaan Mane,60,Female,9395843156
C1303,Indrans Tiwari,22,Other,9975038427
C1304,Nirvaan Sinha,34,Other,9215975665
C1305,Aarav Bava,28,Other,9567137665
C1306,Prerak Choudhry,38,Other,9105668860
C1307,Devansh Dalal,16,Male,9913389810
C1308,Yuvaan Dhawan,16,Female,9880140510
C1309,Azad Badami,44,Female,9234092280
C1310,Shayak Sharaf,34,Other,9562742609
C1311,Dishani Chada,29,Other,9618795506
C1312,Anaya Mall,57,Female,9941590352
C1313,Elakshi Aurora,45,Male,9139680527
C1314,Miraan Salvi,29,Female,9542092565
C1315,Yasmin Mani,60,Other,9297105986
C1316,Siya Raval,31,Male,9713308541
C1317,Devansh Bhatti,21,Other,9885641974
C1318,Ivan Wadhwa,25,Female,9366905796
C1319,Romil Yadav,29,Other,9138507827
C1320,Tushar Raman,18,Female,9733119726
C1321,Nakul Rama,46,Male,9460450965
C1322,Yuvaan Deshmukh,57,Male,9129340452
C1323,Vaibhav Srinivasan,42,Male,9327846014
C1324,Tara Walia,45,Other,9988109680
C1325,Advika Bassi,19,Female,9755780224
C1326,Shalv Seth,33,Female,9237211783
C1327,Ira Sekhon,36,Female,9646928338
C1328,Amira Bhatti,18,Other,9920164712
C1329,Anay Ramachandran,21,Other,9858186289
C1330,Yashvi Ramaswamy,38,Other,9214261294
C1331,Pranay Chakraborty,42,Male,9438943186
C1332,Madhup Sanghvi,18,Male,9373175345
C1333,Prerak Anne,29,Female,9014249282
C1334,Drishya Wable,33,Other,9477272599
C1335,Mohanlal Kumer,18,Female,9656987357
C1336,Kimaya Hari,53,Female,9407215083
C1337,Krish Vora,31,Male,9093978951
C1338,Sara Ganguly,36,Female,9760657615
C1339,Devansh Golla,16,Other,9746465737
C1340,Vihaan Sharma,41,Female,9235172220
C1341,Raunak Sant,54,Male,9624974602
C1342,Ivana Korpal,48,Other,9942307263
C1343,Aaina Toor,53,Female,9258848779
C1344,Hazel Mandal,56,Female,9470161454
C1345,Madhup Shere,38,Male,9795100039
C1346,Ryan Khanna,26,Female,9227019244
C1347,Manikya Gole,25,Other,9884635645
C1348,Umang Cherian,33,Other,9806577484
C1349,Samarth Vora,31,Other,9777623630
C1350,Emir Chhabra,31,Male,9654092120
C1351,Anahi Vasa,53,Other,9608891052
C1352,Aarav Chaudhary,39,Other,9478507952
C1353,Neelofar Bhagat,42,Other,9575771422
C1354,Shamik Lala,53,Male,9263742963
C1355,Mannat Jhaveri,25,Other,9725272221
C1356,Vedika Kulkarni,53,Other,9393474971
C1357,Zara Sathe,33,Female,9980270380
C1358,Manjari Doctor,22,Female,9759138186
C1359,Tara Jani,32,Other,9937585629
C1360,Manikya Gulati,26,Other,9420022086
C1361,Ivana Basu,28,Male,9691942679
C1362,Kanav Lata,19,Female,9737468136
C1363,Taran Sarkar,52,Other,9324506573
C1364,Aarna Vora,57,Other,9113025101
C1365,Amira Lad,35,Other,9520097019
C1366,Amira Barad,58,Male,9927539176
C1367,Yuvraj  Bassi,52,Female,9216730595
C1368,Akarsh Dasgupta,20,Other,9078189626
C1369,Jayant Dash,45,Other,9753266267
C1370,Tara Bal,36,Male,9449221921
C1371,Aarush Thaker,28,Female,9539806321
C1372,Shray Suresh,59,Other,9493705252
C1373,Trisha Tara,21,Male,9612782831
C1374,Azad Kashyap,17,Other,9124490899
C1375,Jivin Kant,26,Female,9005514574
C1376,Shanaya Hari,30,Male,9298165548
C1377,Faiyaz Mahal,33,Male,9920094833
C1378,Saira Khare,27,Male,9932858597
C1379,Trisha Garde,31,Female,9509662868
C1380,Yasmin Gopal,44,Other,9682140496
C1381,Jiya Devan,48,Other,9808775772
C1382,Vivaan Kapur,47,Male,9297758321
C1383,Chirag Mani,43,Other,9480913054
C1384,Ranbir Sastry,60,Other,9421434678
C1385,Samar Thaman,54,Female,9695559645
C1386,Rasha Talwar,27,Other,9410319674
C1387,Inaaya  D’Alia,41,Male,9837937092
C1388,Sara Bala,52,Female,9140863861
C1389,Sara Wable,16,Other,9438305514
C1390,Shalv Iyer,59,Male,9287213374
C1391,Dhanuk Banik,24,Female,9111449841
C1392,Zain Vyas,38,Female,9713868959
C1393,Kiaan Tripathi,59,Male,9644790635
C1394,Aarna Ganesan,37,Female,9686412511
C1395,Jayesh Varma,17,Female,9323834223
C1396,Nirvi Kadakia,48,Male,9079734438
C1397,Kabir Roy,18,Male,9101115970
C1398,Elakshi Andra,26,Female,9793126554
C1399,Kanav Krishna,56,Male,9492913612
C1400,Ishaan Issac,54,Other,9770041591
C1401,Aradhya Dugar,25,Other,9145334666
C1402,Vivaan Seshadri,19,Male,9925219869
C1403,Jivika Jain,31,Other,9383414413
C1404,Lakshay Rout,43,Female,9377563267
C1405,Ira Sachar,22,Male,9334741231
C1406,Tara Mall,41,Female,9769579736
C1407,Aayush Lad,47,Female,9904117800
C1408,Zara Choudhary,40,Female,9477731850
C1409,Yuvraj  Seshadri,40,Female,9105206369
C1410,Arhaan Mammen,34,Female,9093333160
C1411,Manikya Sarraf,53,Male,9379530616
C1412,Farhan Chaudhuri,27,Female,9642830389
C1413,Tara Lad,48,Other,9642154419
C1414,Shlok Kade,43,Male,9264723254
C1415,Umang Bera,43,Female,9878311468
C1416,Vardaniya Mane,38,Other,9464600408
C1417,Ahana  Chaudhari,38,Other,9888017114
C1418,Anahita Balan,23,Male,9431416192
C1419,Amani Chad,36,Male,9402635626
C1420,Darshit Bhatia,24,Male,9142796314
C1421,Tanya Dalal,24,Male,9751835714
C1422,Stuvan Dube,36,Other,9129385847
C1423,Indranil Dalal,23,Male,9424585437
C1424,Saanvi Chacko,50,Female,9139164873
C1425,Lagan Goda,58,Female,9840699826
C1426,Emir Dutt,21,Other,9104605832
C1427,Lakshay Garde,27,Male,9078777399
C1428,Reyansh Krishnamurthy,55,Other,9007578593
C1429,Nirvi Raj,43,Male,9424704829
C1430,Kanav Dube,60,Male,9242842150
C1431,Madhav Ratta,57,Other,9368083120
C1432,Ishita Sood,28,Other,9601999493
C1433,Aniruddh Dalal,16,Male,9170629264
C1434,Aarush Sachar,24,Other,9307448146
C1435,Tushar Soni,29,Other,9499203474
C1436,Miraan Shukla,37,Other,9890244025
C1437,Zara Karan,43,Female,9061620626
C1438,Vaibhav Sandhu,40,Female,9906458717
C1439,Jayan Kannan,40,Male,9356498715
C1440,Biju Dar,52,Female,9383957522
C1441,Tiya Jha,30,Female,9763041587
C1442,Kashvi Vora,38,Female,9105775635
C1443,Kanav Hora,42,Female,9805254524
C1444,Mahika Singhal,37,Male,9937673910
C1445,Ela Shenoy,49,Female,9380125023
C1446,Elakshi Sandhu,31,Other,9630478697
C1447,Amira Agrawal,34,Male,9654801672
C1448,Vaibhav Chana,42,Female,9427280200
C1449,Dhruv Bhardwaj,44,Other,9018073907
C1450,Piya Sahota,53,Male,9540228523
C1451,Neelofar Cherian,43,Female,9769998462
C1452,Hazel Mann,50,Other,9288743195
C1453,Jayant Shan,48,Male,9829242608
C1454,Vanya Sawhney,27,Female,9822346985
C1455,Vivaan Buch,52,Female,9504196019
C1456,Parinaaz Kannan,28,Other,9557924264
C1457,Samarth Bhatia,55,Other,9066050881
C1458,Saksham Sur,18,Female,9015188581
C1459,Gatik Taneja,41,Other,9663061114
C1460,Ahana  Behl,31,Male,9317455031
C1461,Pari Iyengar,59,Female,9164108722
C1462,Saksham Chatterjee,19,Male,9890156231
C1463,Tushar Sen,19,Other,9111416563
C1464,Ojas Rajagopal,33,Other,9584403533
C1465,Manikya Seth,24,Male,9052343785
C1466,Kimaya Barad,50,Female,9347921898
C1467,Ehsaan Kapoor,52,Other,9350486989
C1468,Ishaan Cheema,46,Other,9973452079
C1469,Uthkarsh Doctor,60,Other,9313012394
C1470,Ehsaan Sandhu,35,Male,9470680883
C1471,Anahita Banerjee,57,Other,9018269488
C1472,Kimaya Soman,56,Male,9826242149
C1473,Krish Balasubramanian,24,Other,9796573508
C1474,Reyansh Kaur,17,Female,9126083228
C1475,Jayesh Dhar,27,Female,9405637550
C1476,Rohan Dugar,55,Female,9240349962
C1477,Farhan Bail,56,Other,9521451625
C1478,Nehmat Doshi,27,Male,9457283167
C1479,Rohan Ben,28,Other,9253862354
C1480,Sana Bassi,58,Male,9332463703
C1481,Ojas Lal,49,Other,9644942497
C1482,Kashvi Saraf,45,Male,9688635247
C1483,Dhanush Sarma,50,Other,9237010909
C1484,Onkar Kanda,44,Female,9800838868
C1485,Advika Babu,27,Female,9103524935
C1486,Charvi Sanghvi,23,Female,9697910778
C1487,Aayush Grewal,59,Male,9244838027
C1488,Kiaan Bhagat,20,Male,9143964013
C1489,Vardaniya Agarwal,44,Male,9665253261
C1490,Anay Sastry,30,Other,9561836318
C1491,Aarush Gopal,40,Female,9108044129
C1492,Pari Sarraf,56,Other,9054493188
C1493,Lakshit Ratti,29,Male,9300425866
C1494,Armaan Kala,26,Female,9053176510
C1495,Vaibhav Shenoy,18,Female,9854544941
C1496,Baiju Randhawa,34,Male,9597153652
C1497,Shamik Raj,30,Male,9891351349
C1498,Ritvik Kadakia,51,Female,9469477662
C1499,Chirag Suri,33,Female,9526949912
C1500,Zoya Aggarwal,44,Male,9028557437
C1501,Hiran Comar,18,Other,9341238949
C1502,Raunak Vyas,33,Female,9963980456
C1503,Nayantara Divan,49,Other,9404060567
C1504,Eva Zacharia,22,Other,9529039239
C1505,Khushi Bera,60,Other,9952358920
C1506,Shamik Bose,44,Female,9997266048
C1507,Indrajit Ravel,20,Other,9257888422
C1508,Aaina Sha,24,Other,9254323778
C1509,Gokul Venkataraman,51,Other,9117111066
C1510,Emir Wadhwa,21,Other,9092456049
C1511,Nehmat Dani,26,Male,9923531176
C1512,Pranay Borah,49,Male,9957854819
C1513,Saira Grewal,38,Other,9521396422
C1514,Pihu Rau,52,Female,9838988969
C1515,Jayesh Bhakta,18,Male,9272509421
C1516,Sahil Gara,20,Male,9855732389
C1517,Pranay Lalla,24,Other,9964123569
C1518,Badal Tank,40,Other,9829185246
C1519,Hridaan Mangat,35,Male,9848939231
C1520,Yakshit Wason,59,Female,9561114021
C1521,Anvi Mall,39,Other,9494314046
C1522,Divit Bhat,32,Other,9480878008
C1523,Darshit Rama,33,Female,9359725748
C1524,Prisha Subramanian,58,Male,9146430839
C1525,Ira Bali,53,Male,9521522791
C1526,Ojas Zachariah,38,Female,9297024947
C1527,Parinaaz Rama,56,Female,9555235758
C1528,Baiju Dyal,18,Male,9988990050
C1529,Heer Bajaj,18,Other,9506881057
C1530,Myra Loyal,41,Male,9575910805
C1531,Jiya Gera,22,Other,9140205784
C1532,Suhana Balan,57,Male,9614320877
C1533,Myra Sinha,46,Other,9334322002
C1534,Gokul Doctor,30,Female,9017283817
C1535,Alia Mani,48,Female,9712314693
C1536,Divyansh Wable,49,Female,9338809144
C1537,Sana Bhargava,43,Female,9899995766
C1538,Ahana  Rama,48,Male,9649082830
C1539,Damini Deo,29,Female,9641002022
C1540,Myra Shah,53,Female,9777952461
C1541,Lakshay Hayre,54,Male,9078032528
C1542,Shlok Krishna,44,Male,9565246701
C1543,Priyansh Rau,56,Male,9310359866
C1544,Ira Saini,51,Male,9443086199
C1545,Vihaan Rana,25,Other,9279809901
C1546,Himmat Golla,41,Female,9744462326
C1547,Alisha Iyengar,58,Male,9155936975
C1548,Pranay Wadhwa,57,Male,9459981792
C1549,Kismat Dave,21,Female,9145672302
C1550,Aniruddh Tata,59,Other,9445084924
C1551,Tushar Dutt,57,Female,9107473372
C1552,Piya Sampath,23,Female,9766101664
C1553,Seher Chacko,41,Other,9684233287
C1554,Farhan Khalsa,30,Female,9510493066
C1555,Alisha Lall,34,Male,9158452531
C1556,Aarush Bath,16,Male,9999044709
C1557,Nishith Banik,30,Female,9065151943
C1558,Lagan Ravi,41,Male,9480534276
C1559,Vritika Shan,25,Male,9499066622
C1560,Eva Salvi,48,Other,9961574188
C1561,Biju Kumar,58,Female,9164714820
C1562,Elakshi Sagar,25,Other,9047924633
C1563,Shaan Bhardwaj,41,Female,9597675822
C1564,Arnav Malhotra,59,Female,9916362300
C1565,Vaibhav Walia,31,Female,9886494149
C1566,Sumer Bahri,32,Male,9753509869
C1567,Uthkarsh Sachar,23,Female,9463472567
C1568,Saksham Deshmukh,49,Other,9671430956
C1569,Diya Sachdeva,45,Male,9938705973
C1570,Kimaya Dhawan,50,Female,9988245055
C1571,Amira Seth,47,Female,9877092439
C1572,Umang Keer,45,Female,9871695887
C1573,Samiha Ben,60,Female,9609183053
C1574,Jhanvi Ganesh,60,Female,9186977316
C1575,Zeeshan Mane,35,Female,9235805584
C1576,Stuvan Chanda,22,Male,9154889816
C1577,Lagan Chander,38,Male,9398801920
C1578,Kabir Bahl,19,Other,9818892907
C1579,Kismat Kibe,48,Female,9761765823
C1580,Anika Swamy,43,Male,9631713177
C1581,Rohan Balasubramanian,45,Male,9674191951
C1582,Darshit Sarna,18,Female,9006356159
C1583,Anahita Kari,22,Female,9240274626
C1584,Dishani Kulkarni,19,Female,9797802007
C1585,Aayush Ahuja,51,Female,9086486000
C1586,Hazel Madan,21,Other,9744719705
C1587,Jayan Yadav,25,Female,9952209148
C1588,Damini Bhandari,17,Female,9856054502
C1589,Emir Chander,38,Male,9810433500
C1590,Drishya Bajaj,22,Other,9019401467
C1591,Samiha Shanker,35,Female,9511368965
C1592,Chirag Ram,31,Other,9275801216
C1593,Vidur Choudhry,54,Male,9091449318
C1594,Tarini Manda,37,Female,9907153967
C1595,Nirvi Varghese,56,Male,9735057932
C1596,Mannat Kumer,22,Male,9552318645
C1597,Hrishita Bawa,17,Female,9648746843
C1598,Madhup Dixit,49,Male,9340847049
C1599,Renee Bora,49,Male,9287525362
C1600,Heer Chaudhari,54,Female,9043065335
C1601,Dishani Chana,33,Male,9438403652
C1602,Ishaan Kibe,29,Female,9470971507
C1603,Mahika Tak,31,Male,9948345751
C1604,Nehmat Sant,50,Male,9930934761
C1605,Mishti Goda,47,Female,9144723464
C1606,Baiju Kapur,51,Female,9410043146
C1607,Adira Chokshi,20,Female,9093675285
C1608,Misha Gupta,23,Male,9778935086
C1609,Riya Sahni,49,Female,9080084504
C1610,Saira Chad,60,Male,9547593426
C1611,Drishya Shukla,35,Female,9421028239
C1612,Vivaan Saini,37,Female,9804824425
C1613,Saira Kalla,17,Female,9494581857
C1614,Dhanush Bumb,33,Other,9163354174
C1615,Anahita Baria,58,Other,9029678501
C1616,Madhav Issac,22,Female,9475140350
C1617,Aradhya Barman,46,Other,9792577057
C1618,Samar Bora,16,Male,9709927602
C1619,Elakshi Dhingra,32,Male,9027463778
C1620,Kavya Cherian,18,Other,9817003284
C1621,Aaina Sangha,23,Other,9297566453
C1622,Khushi Mander,55,Other,9878435142
C1623,Aaina Chadha,51,Female,9004118482
C1624,Pihu Sundaram,57,Other,9618176821
C1625,Arnav Ravel,40,Other,9832099119
C1626,Prerak Chawla,54,Other,9135390680
C1627,Prisha Hayer,28,Male,9244026325
C1628,Ishita Goyal,19,Male,9399398690
C1629,Onkar Vaidya,27,Male,9090421534
C1630,Diya Savant,28,Other,9025368534
C1631,Arhaan Walia,23,Male,9462185395
C1632,Ranbir Grewal,50,Female,9229341143
C1633,Prerak Kari,39,Male,9835111518
C1634,Aarna Saran,16,Other,9570799259
C1635,Samarth Gokhale,47,Male,9412931922
C1636,Kashvi Ram,45,Male,9523831120
C1637,Vivaan Tailor,55,Male,9178444599
C1638,Nirvi Verma,19,Male,9770769030
C1639,Aarna Dar,31,Male,9759526082
C1640,Sumer Bala,56,Female,9865744587
C1641,Akarsh Dave,46,Other,9390616405
C1642,Mahika Rajagopalan,26,Male,9780198558
C1643,Aaryahi Ghose,44,Male,9840034852
C1644,Ojas Kunda,59,Male,9772884081
C1645,Dhruv Deol,36,Other,9823548583
C1646,Devansh Goda,58,Other,9546808502
C1647,Saksham Goel,57,Male,9126786105
C1648,Ishaan Kuruvilla,16,Male,9703913698
C1649,Rhea Tailor,53,Other,9081570351
C1650,Khushi Chadha,58,Male,9501311123
C1651,Bhamini Grewal,17,Male,9252471703
C1652,Keya Banik,22,Female,9649630594
C1653,Khushi Sehgal,55,Male,9521107536
C1654,Emir Wali,25,Other,9907785246
C1655,Anika Subramanian,49,Female,9911442489
C1656,Jayant Amble,24,Female,9831822600
C1657,Vedika Sunder,17,Other,9305602460
C1658,Rohan Bir,39,Other,9331216932
C1659,Jayesh Balasubramanian,48,Other,9277801847
C1660,Eva Balan,36,Male,9708917210
C1661,Indrajit Sankar,19,Other,9364560379
C1662,Jivika Khatri,28,Male,9252696926
C1663,Rhea Bhagat,54,Female,9783960548
C1664,Saksham Mandal,18,Other,9577257906
C1665,Hansh Kadakia,31,Male,9364024106
C1666,Umang Srivastava,25,Male,9341720223
C1667,Indrans Reddy,42,Other,9164916875
C1668,Lakshay Raman,37,Female,9088113254
C1669,Samar Sarraf,23,Other,9402413121
C1670,Navya Mander,45,Female,9513894993
C1671,Nehmat Vala,17,Other,9332815926
C1672,Vaibhav Reddy,35,Other,9864853882
C1673,Biju Manne,36,Female,9584657514
C1674,Krish Bumb,37,Female,9605564757
C1675,Madhup Khosla,58,Female,9968371491
C1676,Shanaya Venkatesh,27,Female,9332281211
C1677,Tushar Johal,25,Male,9785098715
C1678,Siya Khurana,35,Other,9755469079
C1679,Samaira Malhotra,30,Other,9093534372
C1680,Shray Wable,45,Male,9679542155
C1681,Lavanya Gera,30,Female,9490855109
C1682,Dhanuk Dube,41,Male,9216521856
C1683,Madhav Bawa,23,Male,9552613781
C1684,Nitara Som,45,Male,9965756644
C1685,Aayush Krishnamurthy,23,Other,9820310809
C1686,Keya Chopra,59,Other,9480795186
C1687,Divit Bhargava,48,Male,9061352258
C1688,Purab Tank,39,Male,9562912493
C1689,Kanav Arya,27,Female,9815327317
C1690,Kartik Saha,19,Other,9019636471
C1691,Diya Lad,21,Female,9714701770
C1692,Anahi Magar,57,Male,9278812106
C1693,Umang Thaman,41,Other,9762949988
C1694,Vritika Dutta,43,Male,9516681079
C1695,Arhaan Keer,18,Male,9962629255
C1696,Prerak Bahri,27,Other,9563512280
C1697,Nitya Rastogi,49,Female,9468384939
C1698,Rasha Sampath,38,Male,9299399832
C1699,Azad Mangal,17,Female,9506671603
C1700,Sana Wadhwa,43,Female,9995549384
C1701,Gatik Tata,22,Female,9654215369
C1702,Umang Anand,38,Male,9321380243
C1703,Taimur Arya,44,Female,9727337215
C1704,Jayan Kadakia,23,Female,9877712464
C1705,Kaira Karan,28,Female,9093514769
C1706,Farhan Choudhury,24,Female,9160705377
C1707,Baiju Atwal,27,Female,9110110124
C1708,Navya Mand,50,Female,9010323905
C1709,Devansh Desai,24,Other,9166817205
C1710,Indranil Soni,33,Female,9532522228
C1711,Yashvi Choudhry,45,Other,9688809145
C1712,Navya Bali,42,Male,9977075769
C1713,Anahita Chandran,58,Other,9204423588
C1714,Aaina Gole,60,Female,9612755272
C1715,Myra Bandi,35,Other,9680642481
C1716,Onkar Sagar,18,Male,9628153178
C1717,Jayant Dar,36,Female,9351751494
C1718,Faiyaz Gulati,44,Male,9705123223
C1719,Kiaan Vala,32,Male,9135025659
C1720,Darshit Keer,44,Female,9591321404
C1721,Heer Amble,32,Male,9388992253
C1722,Chirag Kamdar,60,Other,9420141081
C1723,Zoya Kalla,45,Other,9263494066
C1724,Nitara Sane,16,Male,9785336911
C1725,Anya Handa,29,Female,9955159192
C1726,Hrishita Kurian,50,Female,9136298199
C1727,Ehsaan Char,58,Other,9604661606
C1728,Ela Uppal,29,Male,9679913914
C1729,Kimaya Tank,31,Male,9979754519
C1730,Piya Gola,54,Other,9274558807
C1731,Kashvi Bala,23,Female,9561499173
C1732,Adira Zacharia,48,Other,9828464670
C1733,Manjari Din,53,Male,9434065479
C1734,Navya Bedi,33,Other,9112751983
C1735,Ojas Jaggi,52,Other,9237213889
C1736,Ishita Divan,55,Other,9400192110
C1737,Shanaya Sangha,52,Female,9067089921
C1738,Hansh Kapur,50,Other,9321830557
C1739,Shlok Gandhi,22,Other,9504717227
C1740,Bhamini Subramanian,23,Female,9419661210
C1741,Anika Koshy,22,Other,9440836456
C1742,Neelofar Ghose,38,Other,9032585340
C1743,Nakul Zacharia,24,Male,9523508862
C1744,Zara Atwal,29,Male,9358456102
C1745,Jayesh Jhaveri,19,Male,9376412510
C1746,Nishith Bobal,52,Other,9329272456
C1747,Urvi Venkataraman,31,Other,9255791711
C1748,Divit Bhat,36,Female,9464296435
C1749,Veer Bhalla,28,Female,9861443943
C1750,Saira Ghose,51,Female,9699381802
C1751,Samaira Bath,39,Male,9342323591
C1752,Raunak Rege,41,Other,9388820434
C1753,Riaan Jha,24,Other,9194722444
C1754,Dhanush Tara,38,Female,9863435604
C1755,Ojas Kade,32,Other,9881330413
C1756,Tushar Johal,29,Other,9141743804
C1757,Krish Lala,50,Other,9364631413
C1758,Inaaya  Sami,55,Other,9510841558
C1759,Baiju Chada,28,Other,9395690755
C1760,Anahi Dewan,47,Other,9482861395
C1761,Ira Varghese,48,Other,9662337016
C1762,Hazel Das,20,Female,9407130945
C1763,Rohan Gade,56,Other,9488548793
C1764,Romil Dhillon,21,Other,9612623383
C1765,Purab Batta,38,Male,9228493846
C1766,Lagan Vora,47,Other,9411620976
C1767,Abram Aurora,20,Other,9332300415
C1768,Taimur Das,54,Other,9690607514
C1769,Manikya Borah,57,Female,9332392233
C1770,Akarsh Sharma,40,Male,9553593917
C1771,Mishti Saha,41,Other,9844873806
C1772,Mannat Aggarwal,34,Other,9270987970
C1773,Kismat Varughese,58,Female,9733205569
C1774,Seher Sahota,24,Other,9787736651
C1775,Ira Raju,50,Female,9152838794
C1776,Siya Bahl,21,Other,9992485035
C1777,Chirag Rajagopal,52,Other,9789653247
C1778,Nayantara Sem,47,Male,9751457674
C1779,Indranil Sastry,34,Other,9510795752
C1780,Tushar Bedi,38,Male,9130503143
C1781,Aaryahi Rout,18,Other,9670782694
C1782,Jivin Deshpande,45,Other,9541319900
C1783,Neelofar Ahluwalia,38,Male,9176834637
C1784,Mishti Gala,57,Male,9281831387
C1785,Ojas Deo,51,Other,9668859009
C1786,Hunar Amble,55,Other,9877938757
C1787,Yasmin Balasubramanian,30,Male,9801531540
C1788,Yasmin Kannan,19,Female,9297087366
C1789,Veer Andra,57,Female,9997685417
C1790,Adah Aggarwal,38,Female,9794749909
C1791,Aniruddh Sandhu,42,Male,9661170046
C1792,Indrans Suresh,40,Female,9904016506
C1793,Bhavin Randhawa,46,Male,9705518362
C1794,Kabir Yadav,52,Male,9573652312
C1795,Tanya Khosla,23,Other,9215815384
C1796,Anahi Goyal,34,Male,9320455520
C1797,Saanvi Rao,60,Female,9128847605
C1798,Anahita Doctor,25,Other,9048872312
C1799,Samiha Loyal,59,Male,9183812625
C1800,Kabir Chopra,52,Other,9218703476
C1801,Pari Lad,37,Male,9879342628
C1802,Shayak Swaminathan,21,Male,9566210977
C1803,Parinaaz Swaminathan,55,Other,9908322922
C1804,Hrishita Wason,32,Other,9883907588
C1805,Lagan Iyer,25,Male,9284331445
C1806,Tanya Warrior,35,Female,9767525029
C1807,Alia Tailor,27,Male,9597383528
C1808,Aayush Boase,40,Male,9209294319
C1809,Arhaan Sama,17,Female,9842437459
C1810,Anya Andra,31,Male,9529821918
C1811,Onkar Doshi,48,Male,9840301659
C1812,Samar Yadav,42,Male,9699317938
C1813,Siya Ben,56,Female,9204581529
C1814,Neelofar Hans,48,Male,9499976299
C1815,Myra Bhargava,54,Female,9188284156
C1816,Aaryahi Chhabra,31,Female,9450644484
C1817,Mamooty Dugar,20,Male,9289679962
C1818,Renee Venkataraman,33,Female,9056368544
C1819,Riaan Chaudhry,40,Other,9256666351
C1820,Oorja Ganguly,60,Other,9834748754
C1821,Sara Thakur,49,Female,9947891076
C1822,Purab Mani,37,Other,9412012451
C1823,Akarsh Kalla,58,Other,9632411154
C1824,Lakshit Sarin,34,Other,9962796842
C1825,Lakshit Vaidya,43,Other,9554688354
C1826,Darshit Dar,30,Male,9683015326
C1827,Yuvraj  Raja,54,Male,9566708852
C1828,Azad Basak,33,Male,9548037269
C1829,Himmat Jhaveri,35,Other,9165545867
C1830,Samarth Babu,27,Other,9100518219
C1831,Dhanuk Mannan,56,Other,9632302660
C1832,Nirvi Wadhwa,37,Female,9332441170
C1833,Umang Bhattacharyya,26,Female,9604046401
C1834,Prerak Dada,29,Other,9073010559
C1835,Armaan Mand,53,Female,9324985678
C1836,Anahi Shukla,42,Other,9273682173
C1837,Bhamini Doctor,46,Female,9177837447
C1838,Yakshit Doctor,46,Female,9083424610
C1839,Raghav Deo,47,Male,9991097100
C1840,Kartik Mani,22,Male,9778684007
C1841,Jiya Saini,47,Male,9836292039
C1842,Romil Shroff,17,Male,9311712763
C1843,Hrishita Comar,36,Male,9770910973
C1844,Alia Dhaliwal,42,Female,9020034190
C1845,Dhruv Desai,20,Male,9555966271
C1846,Yashvi Kunda,54,Other,9735616617
C1847,Kimaya Saxena,50,Male,9462410097
C1848,Tushar Kannan,25,Female,9366995126
C1849,Himmat Chaudhary,22,Other,9638791263
C1850,Vedika Jani,55,Other,9510211971
C1851,Lakshit Bhatnagar,20,Other,9521485159
C1852,Amani Guha,44,Other,9600669416
C1853,Hrishita Kale,49,Male,9065168876
C1854,Eva Chadha,33,Female,9394945262
C1855,Aarna Bhargava,40,Female,9975873359
C1856,Ayesha Krishna,39,Female,9913360889
C1857,Dharmajan Dube,21,Female,9969866743
C1858,Tanya Boase,37,Male,9896691029
C1859,Alisha Sama,20,Other,9226475124
C1860,Aradhya Bora,30,Male,9611001214
C1861,Jayan Chaudhuri,28,Male,9005128543
C1862,Jivin Kale,28,Female,9819904535
C1863,Romil Shroff,52,Other,9849865131
C1864,Sara Setty,45,Male,9785569175
C1865,Pranay Rajan,17,Other,9640981605
C1866,Zain Garde,43,Other,9819004791
C1867,Yuvaan Vasa,19,Other,9795044595
C1868,Nitara Brar,46,Male,9171741682
C1869,Madhup Dyal,41,Female,9125079882
C1870,Keya Raja,56,Male,9973623274
C1871,Seher Karpe,50,Female,9179521844
C1872,Rohan Loke,53,Male,9227514108
C1873,Uthkarsh Yadav,38,Male,9986814752
C1874,Suhana Rana,59,Female,9793801896
C1875,Devansh Shenoy,26,Female,9013240098
C1876,Aaryahi Gaba,55,Male,9892539260
C1877,Tushar Vyas,31,Female,9698717172
C1878,Uthkarsh Mani,38,Male,9117662745
C1879,Urvi Ravel,37,Male,9657950578
C1880,Shamik Mangat,22,Female,9531437826
C1881,Shalv Sampath,44,Other,9386905393
C1882,Riaan Mangat,22,Female,9288220742
C1883,Mohanlal Kulkarni,35,Other,9515149390
C1884,Shray Varghese,30,Female,9516637458
C1885,Yakshit Ratti,26,Male,9522134550
C1886,Purab Goyal,56,Other,9607699711
C1887,Gatik Borde,38,Male,9143463979
C1888,Riaan Chad,50,Male,9558422029
C1889,Yuvaan Sarna,41,Male,9703662248
C1890,Kismat Tella,59,Other,9298639476
C1891,Samaira Hayer,16,Other,9033209302
C1892,Ehsaan Dhawan,45,Other,9678458226
C1893,Vaibhav Badami,25,Female,9636477023
C1894,Badal Dugar,50,Female,9574491234
C1895,Arhaan Sengupta,20,Female,9862537496
C1896,Indrans Dave,32,Male,9982627508
C1897,Anika Bhatti,21,Male,9917972874
C1898,Miraya Kumar,57,Male,9628151657
C1899,Vanya Thaker,53,Female,9373461679
C1900,Eva Thaman,16,Female,9187876474
C1901,Amira Chandran,23,Male,9556475234
C1902,Kiara Reddy,26,Male,9641066949
C1903,Lavanya Ben,25,Male,9648284199
C1904,Aaryahi Bera,21,Male,9998728384
C1905,Nishith Kapadia,37,Other,9848210408
C1906,Umang Dani,28,Male,9330798295
C1907,Hansh Raja,29,Other,9051640253
C1908,Lakshay Vasa,19,Female,9607905554
C1909,Vedika Kalita,48,Female,9525625262
C1910,Samaira Venkatesh,16,Other,9645727595
C1911,Ira Varghese,30,Male,9442803456
C1912,Charvi Gokhale,43,Male,9925671151
C1913,Vidur Chandra,45,Other,9806803148
C1914,Azad Gola,53,Male,9552099977
C1915,Saksham Hora,46,Male,9569819898
C1916,Vaibhav Bajaj,23,Other,9850304496
C1917,Jayesh Baral,25,Male,9909070764
C1918,Emir Tiwari,54,Male,9841859330
C1919,Ishaan Dash,21,Male,9626356608
C1920,Ivan Baral,32,Male,9830331711
C1921,Anahi Rama,41,Male,9961652571
C1922,Dhanuk Deol,37,Male,9953721554
C1923,Parinaaz Handa,40,Male,9424767285
C1924,Akarsh Ratti,17,Male,9517564521
C1925,Manikya Sodhi,30,Other,9307336343
C1926,Advika Handa,25,Male,9748386182
C1927,Ivana Mangal,60,Female,9115054350
C1928,Fateh Bhasin,59,Female,9402670833
C1929,Heer Dewan,18,Female,9914429587
C1930,Farhan Yohannan,50,Female,9393215051
C1931,Divit Mangat,28,Other,9950816527
C1932,Misha Kumer,36,Male,9191220845
C1933,Siya Behl,16,Male,9448205504
C1934,Pranay Keer,39,Other,9695669929
C1935,Mohanlal Gokhale,38,Female,9024463957
C1936,Jayan Bains,54,Female,9345582264
C1937,Divij Kaur,50,Male,9732002286
C1938,Manjari Behl,45,Male,9336646557
C1939,Veer Chawla,32,Other,9545479813
C1940,Divit Jaggi,18,Male,9795294531
C1941,Divit Kar,55,Other,9267062495
C1942,Tarini Khurana,18,Male,9012487368
C1943,Rania Ghose,44,Other,9533706624
C1944,Sara Talwar,59,Male,9734356244
C1945,Dhanuk Rau,45,Female,9985557127
C1946,Yasmin Ratti,60,Female,9077802356
C1947,Manjari Choudhary,19,Other,9196652441
C1948,Ivana Dash,49,Male,9490855005
C1949,Azad Bhasin,43,Male,9540777942
C1950,Renee Badami,27,Other,9326820281
C1951,Charvi Balasubramanian,30,Male,9907632824
C1952,Aarav Singhal,44,Other,9014138535
C1953,Zaina Madan,60,Other,9232161259
C1954,Eva Kala,54,Other,9041563505
C1955,Kartik Kannan,41,Female,9636265868
C1956,Sumer Kadakia,42,Other,9723118207
C1957,Akarsh Deep,20,Other,9630584269
C1958,Shlok Dani,29,Female,9593515658
C1959,Jivika Kapoor,38,Male,9889772705
C1960,Yakshit Hora,36,Other,9359879510
C1961,Manikya Singhal,57,Male,9633514514
C1962,Reyansh Kant,60,Female,9484828581
C1963,Taimur Dyal,47,Female,9824455300
C1964,Vihaan De,53,Male,9131672481
C1965,Nayantara Jhaveri,32,Female,9994917301
C1966,Bhavin Lalla,31,Female,9096815069
C1967,Jiya Bora,46,Other,9044033071
C1968,Oorja Lala,19,Male,9938284652
C1969,Madhav Verma,36,Other,9128214935
C1970,Azad Chand,59,Female,9151119910
C1971,Kanav Sen,57,Male,9311699189
C1972,Shalv Contractor,22,Male,9999026143
C1973,Dishani Mangat,60,Female,9497035681
C1974,Hiran Hans,17,Other,9195896819
C1975,Uthkarsh Vaidya,26,Other,9985348352
C1976,Lakshit Basak,39,Other,9993908553
C1977,Neelofar Chaudhary,52,Female,9593642548
C1978,Aniruddh Dutta,31,Other,9918729425
C1979,Bhamini Tandon,42,Male,9752236299
C1980,Eshani Andra,18,Female,9326440335
C1981,Anvi Dash,16,Other,9330505941
C1982,Faiyaz Chaudry,34,Other,9500556007
C1983,Navya Raja,51,Male,9414962424
C1984,Yuvraj  Bali,54,Other,9546592384
C1985,Adira Sanghvi,53,Male,9543227784
C1986,Rati Chakrabarti,45,Male,9928365138
C1987,Lagan Jaggi,58,Other,9743550443
C1988,Jayant Sem,19,Male,9569222232
C1989,Vritika Hans,29,Male,9328904504
C1990,Amira Kala,52,Other,9128666238
C1991,Baiju Karan,29,Female,9205660973
C1992,Tejas Hora,43,Other,9237560806
C1993,Aniruddh Kata,54,Male,9860518779
C1994,Hiran Chowdhury,25,Other,9869032659
C1995,Vihaan Barad,20,Female,9217592548
C1996,Shalv Chandra,43,Other,9702478493
C1997,Akarsh Swaminathan,23,Other,9917146971
C1998,Chirag Dani,20,Female,9810191534
C1999,Tushar Agrawal,53,Female,9080670474
C2000,Jayan Das,18,Other,9740090103
C2001,Taran Din,26,Male,9592977400
C2002,Zoya Shetty,37,Other,9954229663
C2003,Rasha Lalla,55,Other,9517360713
C2004,Raunak Soni,41,Male,9470126890
C2005,Oorja Mall,27,Other,9305065171
C2006,Rhea Date,35,Male,9843926408
C2007,Anahi Hari,41,Female,9791118211
C2008,Stuvan Kumer,20,Female,9562826064
C2009,Ehsaan Bala,47,Other,9444918571
C2010,Ehsaan Uppal,23,Female,9420586965
C2011,Arhaan Sengupta,59,Other,9793930255
C2012,Kavya Gola,46,Other,9089356337
C2013,Aaina Bandi,39,Male,9095101595
C2014,Bhamini Kalita,55,Other,9167847035
C2015,Aarna Karnik,48,Female,9837986304
C2016,Ishaan Keer,32,Female,9994538772
C2017,Jivin Goda,39,Male,9082758491
C2018,Trisha Dugar,48,Other,9844413302
C2019,Reyansh Bhatia,18,Male,9117699024
C2020,Sara Tara,40,Other,9612532488
C2021,Anvi Bhagat,16,Male,9512447357
C2022,Kiaan Goel,50,Male,9093768384
C2023,Inaaya  Karpe,22,Female,9233738459
C2024,Eva Chacko,55,Female,9359760708
C2025,Tanya Dugar,34,Other,9318636402
C2026,Jivin Vala,37,Male,9269671251
C2027,Ranbir Deo,60,Male,9436480798
C2028,Yashvi Saxena,48,Female,9194252046
C2029,Chirag Iyer,19,Male,9806842242
C2030,Piya Chaudhuri,45,Other,9543137767
C2031,Madhav Babu,28,Female,9128031470
C2032,Advik Dhaliwal,26,Male,9118212617
C2033,Yashvi Koshy,20,Male,9079569734
C2034,Dhanush Chahal,49,Other,9970054418
C2035,Tarini Vasa,52,Other,9841380270
C2036,Heer Chakrabarti,39,Other,9631831645
C2037,Mahika Chaudry,32,Female,9749013889
C2038,Madhup Chopra,40,Other,9598103079
C2039,Aarush Saran,55,Male,9750900512
C2040,Taimur Arya,50,Female,9290591752
C2041,Adira Bhalla,57,Female,9642055180
C2042,Eva Devi,39,Male,9348430813
C2043,Arhaan Arora,18,Male,9071026574
C2044,Urvi Kibe,33,Other,9099799654
C2045,Miraan Balay,25,Female,9307253647
C2046,Romil Andra,29,Female,9153951633
C2047,Purab Dugar,43,Female,9869662041
C2048,Faiyaz Sem,16,Male,9530776459
C2049,Vardaniya Sekhon,16,Female,9953050913
C2050,Sumer Sachdev,19,Other,9312092419
C2051,Lakshay Srinivas,48,Male,9927650109
C2052,Misha Gill,52,Male,9585846354
C2053,Romil Kaul,17,Male,9816226486
C2054,Bhavin Vyas,56,Male,9975610699
C2055,Anahita Gole,47,Other,9233546180
C2056,Tejas Devan,16,Female,9566256219
C2057,Ishaan Barman,48,Other,9052881708
C2058,Indrajit Sani,23,Female,9224977927
C2059,Bhamini Doctor,33,Female,9234104707
C2060,Vedika Batra,49,Male,9486300963
C2061,Siya Tella,44,Other,9606849954
C2062,Riya Arya,33,Female,9991819118
C2063,Oorja Devi,20,Male,9154073748
C2064,Nitara Barman,28,Female,9936050203
C2065,Yakshit Anne,37,Male,9605155308
C2066,Samaira Acharya,30,Other,9527077602
C2067,Lakshit Choudhary,38,Male,9621762637
C2068,Khushi Mane,40,Other,9394628597
C2069,Darshit Setty,55,Male,9571920901
C2070,Taran Bobal,52,Other,9471170100
C2071,Baiju Johal,51,Other,9597629085
C2072,Bhavin Shere,20,Male,9154019992
C2073,Urvi Chanda,44,Other,9511732513
C2074,Anay Raman,47,Female,9600754565
C2075,Baiju Thakkar,51,Male,9395994865
C2076,Adira Rao,36,Male,9174477664
C2077,Kimaya Sant,46,Other,9419498525
C2078,Yashvi Hayre,28,Other,9236865724
C2079,Kabir Varma,34,Male,9429831745
C2080,Prisha Mandal,45,Male,9557980264
C2081,Ojas Lall,27,Male,9918233159
C2082,Kabir Ramachandran,25,Male,9497619235
C2083,Divij Ramaswamy,20,Female,9136630902
C2084,Aarav Keer,47,Female,9445809149
C2085,Ivana Babu,41,Female,9384463358
C2086,Shlok Rana,49,Other,9892259790
C2087,Biju Keer,26,Other,9169736619
C2088,Shamik Hegde,42,Male,9405316631
C2089,Aarav Zacharia,41,Other,9962019413
C2090,Kiaan Chaudhari,28,Female,9380875259
C2091,Azad Dugar,58,Male,9041271878
C2092,Ranbir Bassi,47,Other,9154177694
C2093,Manjari Tak,24,Male,9232348720
C2094,Anaya Shan,24,Male,9569741887
C2095,Ehsaan Jhaveri,38,Female,9220550699
C2096,Aniruddh Handa,45,Female,9407315555
C2097,Taimur Seshadri,25,Other,9751856495
C2098,Charvi Rout,21,Other,9618175578
C2099,Indrans Bassi,39,Male,9840663892
C2100,Sara Gupta,56,Female,9365860822
C2101,Pihu Shenoy,45,Male,9631447697
C2102,Chirag Golla,16,Female,9160506622
C2103,Urvi Wable,52,Other,9323970669
C2104,Raunak Vasa,30,Other,9852677177
C2105,Aaryahi Mangal,30,Female,9120350084
C2106,Sahil Talwar,60,Female,9208986252
C2107,Piya Dyal,48,Other,9708880929
C2108,Raghav Apte,55,Other,9399301614
C2109,Vedika Agate,27,Other,9445253853
C2110,Azad Mallick,18,Other,9329031111
C2111,Vaibhav Sangha,57,Male,9310501524
C2112,Gatik Chaudhari,45,Male,9427796672
C2113,Reyansh Shere,31,Female,9925061796
C2114,Ryan Kumar,56,Other,9533635701
C2115,Jivin Magar,35,Other,9613014530
C2116,Aradhya Khalsa,24,Other,9414527217
C2117,Kimaya Choudhary,36,Female,9049364312
C2118,Badal Bath,39,Female,9541387923
C2119,Pari Trivedi,58,Other,9180684700
C2120,Amani Ganesan,46,Female,9722586805
C2121,Shaan Sampath,44,Other,9835007004
C2122,Tarini Salvi,37,Female,9964270487
C2123,Shanaya Issac,26,Other,9366621526
C2124,Saira Swamy,31,Other,9135504845
C2125,Kartik Dar,54,Male,9708988489
C2126,Inaaya  Ramachandran,40,Other,9611814680
C2127,Tanya Ravel,46,Male,9805014640
C2128,Shlok Kala,39,Female,9141523787
C2129,Yashvi Doctor,50,Other,9798900501
C2130,Jayesh Doctor,43,Other,9756397204
C2131,Jhanvi Gaba,18,Female,9280207344
C2132,Faiyaz Dada,39,Female,9455050016
C2133,Yashvi Ben,32,Other,9664818951
C2134,Uthkarsh Ramakrishnan,18,Male,9514825714
C2135,Shayak Ganesan,57,Other,9336739655
C2136,Divyansh Dhar,48,Male,9919663784
C2137,Charvi Kurian,22,Male,9714583687
C2138,Inaaya  Shukla,22,Other,9398688053
C2139,Vihaan Yogi,29,Male,9589497645
C2140,Yuvraj  Karan,39,Female,9767678418
C2141,Hazel Reddy,45,Male,9965277549
C2142,Ryan Chahal,52,Other,9329171787
C2143,Suhana Konda,30,Female,9734577381
C2144,Zara Ravel,41,Other,9888851144
C2145,Oorja Khalsa,20,Male,9776365200
C2146,Rohan Bose,23,Other,9635082899
C2147,Abram Bhavsar,52,Male,9145623926
C2148,Tiya Cheema,54,Male,9361137741
C2149,Advika Dubey,57,Female,9361087677
C2150,Nitya Wali,53,Male,9277607293
C2151,Kanav Sane,34,Other,9670067210
C2152,Miraya Varty,52,Male,9843829620
C2153,Manjari Kohli,46,Other,9227838788
C2154,Nitara Varty,55,Female,9456021174
C2155,Advika Joshi,27,Male,9408631626
C2156,Manikya Solanki,28,Male,9559687967
C2157,Zeeshan Ramachandran,60,Male,9449583716
C2158,Badal Subramaniam,41,Male,9602792994
C2159,Jayesh Bassi,36,Other,9797166910
C2160,Veer Konda,16,Other,9525402417
C2161,Ranbir Ghosh,18,Female,9198188656
C2162,Ivan Saini,24,Male,9689789666
C2163,Arnav Mahajan,26,Other,9105586475
C2164,Shray Joshi,47,Female,9461467025
C2165,Riaan Sahota,59,Other,9094008530
C2166,Elakshi Kanda,30,Male,9848157684
C2167,Saira Ganesan,50,Female,9188471685
C2168,Samiha Kurian,37,Other,9682276304
C2169,Eshani Karpe,37,Male,9589489569
C2170,Nirvaan Devan,50,Male,9894430745
C2171,Taimur Shanker,52,Other,9603080631
C2172,Darshit Ahuja,32,Male,9050994015
C2173,Anay Sankaran,24,Other,9600414181
C2174,Vaibhav Hayer,40,Female,9095739693
C2175,Khushi Kata,36,Female,9491099973
C2176,Ojas Varty,37,Other,9584325382
C2177,Taran Chada,45,Male,9535405430
C2178,Bhavin Kurian,50,Female,9296744610
C2179,Rohan Sarraf,22,Other,9963380556
C2180,Shamik Sodhi,23,Female,9591059884
C2181,Misha Mani,47,Other,9793332100
C2182,Rohan Vora,51,Other,9214010232
C2183,Indrans Choudhary,54,Female,9764090095
C2184,Aniruddh Doshi,37,Female,9322871660
C2185,Riya Swaminathan,54,Other,9016024407
C2186,Nitara Jha,21,Male,9111290684
C2187,Rohan Goel,41,Other,9296571137
C2188,Mahika Aggarwal,50,Other,9727829924
C2189,Tarini Singhal,20,Other,9895942948
C2190,Advika Ranganathan,21,Male,9862229711
C2191,Fateh Dhar,30,Female,9125977008
C2192,Seher Sood,50,Male,9493443003
C2193,Shlok Ramanathan,51,Other,9428081090
C2194,Aayush Bhatt,25,Female,9879794323
C2195,Gokul Maharaj,35,Other,9358963634
C2196,Jivin Comar,60,Other,9617638424
C2197,Ehsaan Deo,31,Male,9183712976
C2198,Eshani Mangat,58,Other,9407245137
C2199,Damini Barad,42,Other,9798073799
C2200,Emir Gupta,59,Other,9702879093
C2201,Yuvraj  Andra,51,Female,9603714783
C2202,Shamik Kaul,57,Other,9548455802
C2203,Jhanvi Subramanian,40,Other,9270262823
C2204,Siya Bali,29,Other,9788624518
C2205,Hazel Dara,49,Female,9569004025
C2206,Seher Khosla,20,Female,9453233402
C2207,Indrajit Chaudhari,53,Female,9238804517
C2208,Pihu Kohli,35,Other,9372202420
C2209,Ojas Gera,16,Other,9617172012
C2210,Alia Sidhu,59,Female,9235650847
C2211,Nakul Dhaliwal,37,Other,9645645106
C2212,Samaira Seshadri,44,Other,9424530029
C2213,Pihu Babu,30,Female,9400421717
C2214,Farhan Tata,23,Female,9965093714
C2215,Dhanuk Buch,37,Male,9210396992
C2216,Seher Hegde,28,Female,9541106934
C2217,Kavya Deshmukh,17,Female,9013036417
C2218,Armaan Wali,48,Male,9048874658
C2219,Rasha Date,49,Other,9949351308
C2220,Rhea Dada,29,Other,9209754818
C2221,Romil Tripathi,44,Female,9752033139
C2222,Jayan Rama,33,Other,9349668480
C2223,Khushi Batra,35,Female,9331781299
C2224,Stuvan Subramaniam,33,Male,9498277999
C2225,Ayesha Dar,52,Male,9578479707
C2226,Madhup Dara,59,Female,9726315532
C2227,Divyansh Karpe,31,Other,9486953909
C2228,Abram Dhaliwal,20,Male,9167283489
C2229,Ehsaan Char,18,Male,9692627771
C2230,Heer Thakur,53,Other,9963307923
C2231,Jayesh Kunda,21,Male,9096812210
C2232,Kartik Comar,28,Other,9339607649
C2233,Tanya Chandra,32,Female,9476688693
C2234,Inaaya  Dada,46,Male,9161955808
C2235,Lakshay Bhat,18,Male,9357285466
C2236,Shaan Dalal,18,Male,9361059587
C2237,Shamik Hora,26,Other,9512581948
C2238,Miraya Buch,16,Male,9228438930
C2239,Amira Yohannan,43,Female,9598964949
C2240,Khushi Gopal,26,Male,9035469966
C2241,Aradhya Dani,43,Other,9120661005
C2242,Stuvan Krishnamurthy,31,Female,9035026245
C2243,Renee Srivastava,38,Male,9761591620
C2244,Saira Bava,21,Other,9567962378
C2245,Indrajit Shetty,42,Female,9445510126
C2246,Ivan Divan,48,Male,9426098803
C2247,Riya Deshmukh,37,Male,9037991782
C2248,Mohanlal Vyas,58,Female,9123886874
C2249,Aarna Gade,41,Female,9950222856
C2250,Nishith Som,18,Male,9141344301
C2251,Tejas Choudhary,21,Male,9138353609
C2252,Reyansh Gera,29,Female,9520316631
C2253,Abram Vaidya,23,Other,9913991346
C2254,Aayush Bail,54,Female,9602442222
C2255,Oorja Sahota,58,Female,9179171479
C2256,Inaaya  Manne,51,Male,9703515386
C2257,Divit Andra,58,Female,9634494651
C2258,Faiyaz Kanda,51,Other,9539558854
C2259,Jivika Chanda,20,Other,9486519491
C2260,Charvi Kari,35,Other,9810343743
C2261,Raunak Andra,16,Other,9486905941
C2262,Zara Edwin,43,Male,9256589878
C2263,Devansh Gara,30,Other,9119946058
C2264,Nitya Chaudry,25,Female,9637180719
C2265,Mishti Cheema,60,Other,9712041083
C2266,Rasha Vora,21,Female,9100491152
C2267,Kanav Jayaraman,54,Other,9224912118
C2268,Nirvaan Chakrabarti,49,Female,9918490285
C2269,Ivana Aurora,45,Other,9448529478
C2270,Tiya Anne,38,Male,9916564604
C2271,Myra Bir,22,Other,9823333723
C2272,Prisha Banik,17,Male,9665517773
C2273,Purab Bakshi,30,Male,9202557705
C2274,Yuvaan Sarna,49,Other,9984035508
C2275,Tushar Barad,22,Female,9924366650
C2276,Khushi Bhatnagar,51,Male,9352214433
C2277,Diya Kannan,30,Male,9812235615
C2278,Kartik Ravi,18,Male,9730329245
C2279,Tushar Deep,17,Male,9613621969
C2280,Misha Chadha,34,Other,9202323101
C2281,Emir Sabharwal,37,Female,9605953312
C2282,Kismat Raju,52,Female,9841430314
C2283,Dhanuk Bobal,46,Female,9525616323
C2284,Divit Salvi,41,Female,9371152962
C2285,Alia Desai,59,Male,9979526576
C2286,Lagan Kakar,18,Female,9915079173
C2287,Rati Saini,50,Other,9166182312
C2288,Amira Koshy,51,Male,9671083468
C2289,Renee Dar,36,Female,9805695398
C2290,Anay Majumdar,51,Female,9118655961
C2291,Gokul Ahluwalia,37,Other,9814713275
C2292,Mehul Kaul,46,Female,9995524307
C2293,Ahana  Lal,42,Other,9306697898
C2294,Devansh Khalsa,54,Male,9497139388
C2295,Urvi Anand,44,Male,9099967943
C2296,Indrajit Shah,43,Female,9523545779
C2297,Adira Kari,18,Other,9736857041
C2298,Aayush Kar,22,Other,9256381215
C2299,Eva Bir,60,Other,9873727792
C2300,Dhruv Sridhar,33,Male,9013758369
C2301,Tiya Jain,17,Female,9312225375
C2302,Kartik Zacharia,34,Other,9689513425
C2303,Mehul Setty,58,Other,9592669433
C2304,Mohanlal Shetty,54,Female,9124785069
C2305,Pari Kumar,19,Male,9251980814
C2306,Advika Kulkarni,57,Female,9196495014
C2307,Alisha Bhargava,33,Female,9952933738
C2308,Vihaan Sankaran,41,Male,9643972932
C2309,Anaya Mani,39,Female,9269567553
C2310,Gatik Bobal,39,Other,9891596961
C2311,Suhana Sarkar,46,Other,9378177651
C2312,Vanya Gour,41,Other,9505523724
C2313,Aaryahi Vala,42,Other,9684511709
C2314,Pranay Bawa,31,Male,9015797229
C2315,Prerak Bhattacharyya,54,Male,9606480036
C2316,Vaibhav Bumb,31,Other,9495470372
C2317,Drishya Badami,33,Female,9274714472
C2318,Eva Dash,23,Female,9153315449
C2319,Pihu Bera,35,Male,9795048015
C2320,Neysa Gade,39,Other,9386455104
C2321,Alisha Sekhon,28,Other,9773791999
C2322,Jayan Balakrishnan,33,Other,9275615933
C2323,Saira Viswanathan,53,Female,9059103979
C2324,Kiara Tiwari,41,Female,9376959259
C2325,Amani Kumer,31,Female,9269485253
C2326,Ritvik Kuruvilla,21,Female,9127170779
C2327,Shlok Sinha,21,Male,9902178788
C2328,Ivana Date,37,Other,9831539552
C2329,Pari Bhattacharyya,38,Female,9985653886
C2330,Divyansh Sunder,18,Other,9899638890
C2331,Tiya Kashyap,16,Other,9325647970
C2332,Gatik Jaggi,59,Male,9932329149
C2333,Ranbir Dass,32,Male,9941948121
C2334,Taran Chada,23,Female,9102249858
C2335,Yuvaan Dayal,36,Female,9322838123
C2336,Kavya Raju,24,Male,9082212651
C2337,Divij Sant,42,Female,9819339697
C2338,Faiyaz Chopra,56,Other,9131709582
C2339,Sara Lall,25,Female,9400533246
C2340,Manjari Chakraborty,45,Male,9986987059
C2341,Amani Basak,46,Other,9649742991
C2342,Fateh Dash,20,Female,9105557825
C2343,Devansh Bassi,17,Other,9145361372
C2344,Miraya Ben,29,Female,9616162597
C2345,Ela Borde,47,Other,9404131276
C2346,Ryan Borde,26,Other,9196175815
C2347,Mannat Chacko,53,Male,9616625027
C2348,Riya Shankar,52,Male,9103257039
C2349,Amani Karan,55,Female,9787403377
C2350,Tarini Ram,49,Male,9929455192
C2351,Zeeshan Raja,30,Male,9450403643
C2352,Ahana  Venkatesh,58,Female,9857029202
C2353,Oorja Wagle,27,Male,9640460697
C2354,Diya Badami,39,Male,9985865096
C2355,Bhamini Shukla,45,Other,9263101491
C2356,Mahika Dayal,23,Male,9285524278
C2357,Anika Bhatnagar,54,Male,9094280087
C2358,Vedika Khare,34,Other,9596155718
C2359,Tara Ravel,29,Female,9518645867
C2360,Taimur Seshadri,54,Other,9655770926
C2361,Gokul Iyengar,50,Female,9013457210
C2362,Tanya Barad,24,Male,9332524635
C2363,Aaina Ahluwalia,32,Female,9927860423
C2364,Samar Jaggi,24,Female,9102670197
C2365,Suhana Chhabra,26,Other,9021644108
C2366,Himmat Sharma,17,Male,9149582274
C2367,Uthkarsh Kadakia,55,Other,9776474190
C2368,Kavya Chakraborty,44,Other,9748622370
C2369,Sumer Baria,36,Female,9072006836
C2370,Vaibhav Chakraborty,39,Other,9820376318
C2371,Ivan Bedi,56,Female,9922486392
C2372,Prisha Kothari,45,Female,9682290964
C2373,Renee Suri,48,Female,9340340608
C2374,Yasmin Vig,25,Other,9861459039
C2375,Krish Dutt,59,Female,9127119880
C2376,Tiya Sami,60,Female,9901736596
C2377,Vivaan Ben,28,Female,9680085718
C2378,Uthkarsh Gola,30,Male,9071494162
C2379,Alisha Hegde,40,Male,9688204040
C2380,Samaira Lal,18,Male,9600454382
C2381,Zoya Raju,28,Female,9054111449
C2382,Zain Bhatti,38,Female,9717329935
C2383,Kimaya Sundaram,27,Other,9982632547
C2384,Shaan Bhattacharyya,54,Female,9603558900
C2385,Hazel Shenoy,38,Male,9493313107
C2386,Ranbir Ben,51,Female,9495525389
C2387,Ayesha Chaudhary,31,Other,9052478783
C2388,Darshit Gill,40,Other,9987613374
C2389,Vanya Din,27,Female,9623984031
C2390,Trisha Kibe,35,Male,9015832472
C2391,Ishaan Kumar,25,Other,9988142116
C2392,Arhaan Thaker,41,Other,9354498357
C2393,Akarsh Handa,35,Male,9586693820
C2394,Eva Som,41,Male,9589574989
C2395,Renee Char,25,Male,9248411074
C2396,Veer Bassi,39,Male,9420206615
C2397,Lakshay Reddy,51,Male,9888095687
C2398,Devansh Divan,22,Male,9154611059
C2399,Ranbir Borra,37,Female,9322996615
C2400,Indrans Goyal,49,Other,9844875895
C2401,Zoya Mall,58,Other,9906762251
C2402,Indrajit Mangal,53,Male,9482577190
C2403,Kashvi Talwar,53,Other,9280064930
C2404,Divyansh Deshmukh,20,Female,9466232031
C2405,Shalv Sastry,58,Female,9999349781
C2406,Kaira Bath,41,Female,9485933628
C2407,Kanav Rao,39,Female,9052789974
C2408,Aaina Manda,59,Other,9435482610
C2409,Alia Lall,38,Female,9094933787
C2410,Taimur Khalsa,40,Male,9937858503
C2411,Saanvi Rege,19,Other,9666558907
C2412,Manikya Tank,23,Other,9224111213
C2413,Baiju Bains,20,Other,9849110295
C2414,Ahana  Virk,23,Male,9216370515
C2415,Mamooty Zacharia,46,Male,9356430635
C2416,Elakshi D’Alia,54,Male,9695656743
C2417,Ryan Bakshi,35,Female,9142112408
C2418,Jayant Dhawan,60,Female,9812632078
C2419,Ivana Ramaswamy,27,Female,9544420689
C2420,Damini Dubey,43,Other,9580906504
C2421,Diya Varty,51,Female,9355646641
C2422,Manjari Ghose,43,Female,9234639023
C2423,Riya Badal,38,Other,9886410148
C2424,Miraya Dey,25,Other,9343170363
C2425,Jayan Baral,31,Other,9164719027
C2426,Arnav Vasa,40,Female,9637682546
C2427,Nitya Taneja,31,Female,9833936230
C2428,Aarav Vora,57,Other,9508364228
C2429,Anaya Malhotra,23,Male,9833513828
C2430,Inaaya  Gala,48,Male,9240848365
C2431,Adira Kuruvilla,35,Female,9141868173
C2432,Anvi Borra,17,Female,9690508067
C2433,Neelofar Jha,35,Female,9322800236
C2434,Vardaniya Shankar,31,Female,9889785686
C2435,Dishani Hayre,39,Male,9912549096
C2436,Shalv Basak,55,Male,9740663625
C2437,Kanav Bhat,32,Male,9584356069
C2438,Damini Varughese,18,Male,9770005161
C2439,Ritvik Deo,33,Male,9821123659
C2440,Chirag Gara,34,Male,9888583410
C2441,Emir Kanda,39,Male,9323262406
C2442,Alia Chaudhari,33,Female,9844959074
C2443,Kiaan Kade,56,Male,9282209139
C2444,Hunar Bali,40,Other,9577913703
C2445,Eva Zacharia,55,Male,9857424598
C2446,Divit Mammen,25,Male,9596308535
C2447,Hansh Walla,41,Male,9135340775
C2448,Advika Rama,57,Other,9788720901
C2449,Devansh Dubey,59,Male,9879295529
C2450,Mamooty Borde,17,Other,9594388527
C2451,Rania Sandhu,40,Female,9933391478
C2452,Neysa Mand,36,Female,9181333610
C2453,Fateh Sibal,23,Other,9388381467
C2454,Vedika Desai,31,Other,9890236123
C2455,Suhana Walia,36,Other,9206807433
C2456,Aarav Doctor,49,Female,9628055860
C2457,Prerak Kala,47,Female,9131390106
C2458,Siya Deshmukh,42,Male,9551489382
C2459,Stuvan Sane,44,Male,9064652573
C2460,Yuvraj  Vasa,55,Male,9754551760
C2461,Lavanya Wable,45,Other,9393323409
C2462,Lakshay Aggarwal,17,Male,9557875198
C2463,Azad Bhatnagar,37,Female,9783963442
C2464,Hrishita Wable,23,Other,9446527560
C2465,Aniruddh Reddy,44,Female,9124432015
C2466,Lavanya Sundaram,41,Other,9016629597
C2467,Kartik Trivedi,28,Other,9616552071
C2468,Shayak Halder,25,Female,9162257808
C2469,Biju Batra,29,Female,9472111378
C2470,Ahana  Sarkar,24,Male,9221287100
C2471,Kiaan Bedi,47,Male,9701510019
C2472,Farhan Lad,33,Other,9760393143
C2473,Jayesh Chander,24,Male,9958144318
C2474,Priyansh Ranganathan,23,Female,9210251263
C2475,Rhea Mani,48,Male,9956711476
C2476,Prisha Bali,23,Female,9343829073
C2477,Veer Basak,19,Female,9096419606
C2478,Kiaan Dutt,48,Female,9138589822
C2479,Shaan Toor,45,Female,9582716161
C2480,Rania Kota,21,Other,9996531271
C2481,Shaan Chaudhuri,26,Female,9503998098
C2482,Arnav Ratti,20,Male,9694048051
C2483,Saanvi Chandra,54,Male,9806591469
C2484,Indrajit Sama,32,Male,9473935855
C2485,Vardaniya Sami,54,Male,9451556036
C2486,Hansh Lala,20,Female,9922784601
C2487,Sana Sarkar,22,Female,9797319312
C2488,Vihaan Chakraborty,49,Male,9899985444
C2489,Rohan Sekhon,23,Female,9530763136
C2490,Yashvi Chowdhury,37,Female,9934498876
C2491,Aniruddh Dugar,45,Male,9899282281
C2492,Anahita Saxena,50,Female,9781274008
C2493,Nitara Raju,26,Female,9584180305
C2494,Aaryahi Kurian,59,Other,9178358476
C2495,Sahil Mannan,21,Female,9727992765
C2496,Myra Bali,33,Female,9477999486
C2497,Lakshit Kaul,60,Male,9234786480
C2498,Mahika Bajaj,22,Male,9121959856
C2499,Lavanya Wagle,16,Female,9809826736
C2500,Saksham Master,22,Other,9361187812
C2501,Anya Gokhale,45,Male,9261584017
C2502,Ahana  Grewal,30,Female,9849750116
C2503,Uthkarsh Kothari,43,Female,9838036066
C2504,Hiran Chokshi,45,Female,9636598728
C2505,Tushar Loke,39,Other,9355153749
C2506,Darshit Solanki,22,Female,9137681388
C2507,Vivaan Yohannan,50,Female,9920831971
C2508,Tara Raja,54,Female,9925708553
C2509,Riaan Maharaj,59,Female,9332636191
C2510,Mohanlal Dyal,38,Other,9648829304
C2511,Yuvaan Sarkar,52,Female,9593403698
C2512,Raunak Yogi,35,Male,9027171379
C2513,Jayant Devan,51,Male,9441994866
C2514,Samiha Talwar,40,Female,9995459964
C2515,Advika Ramaswamy,50,Female,9167094832
C2516,Anahita Bawa,37,Female,9863960969
C2517,Divit Gill,23,Female,9314660181
C2518,Sana Gopal,24,Male,9297820496
C2519,Kiaan Mann,19,Female,9724349970
C2520,Priyansh Venkatesh,28,Female,9344477775
C2521,Eva Mall,33,Female,9286117766
C2522,Shaan Dayal,26,Other,9224371187
C2523,Pihu Madan,18,Male,9936898202
C2524,Ivan Tripathi,28,Male,9236176605
C2525,Sumer Gade,19,Other,9369380143
C2526,Zeeshan Basak,19,Male,9751147123
C2527,Mamooty Krishnamurthy,28,Female,9732202260
C2528,Mahika Lata,23,Female,9070410308
C2529,Hunar Bali,47,Male,9714890012
C2530,Kanav Chacko,51,Female,9696888937
C2531,Dhanuk Bera,28,Female,9844692815
C2532,Hiran Rattan,21,Other,9729470939
C2533,Tanya Chanda,26,Other,9998578639
C2534,Umang Sami,52,Other,9361443718
C2535,Taran Lad,59,Female,9614188893
C2536,Indrajit Das,42,Female,9680766052
C2537,Sana Agarwal,57,Male,9776729589
C2538,Nitara Trivedi,25,Male,9261694381
C2539,Mannat Choudhury,51,Other,9487223717
C2540,Yakshit Warrior,18,Other,9213627222
C2541,Tiya Krish,42,Female,9093183243
C2542,Riaan Mander,38,Male,9784554292
C2543,Emir Dani,31,Female,9677964204
C2544,Yasmin Shroff,21,Female,9983816579
C2545,Ritvik Chandra,51,Female,9376095824
C2546,Aniruddh Jayaraman,27,Male,9338935367
C2547,Divyansh Basu,38,Female,9581345892
C2548,Prerak Talwar,60,Male,9103795855
C2549,Misha Ganesan,30,Male,9551894626
C2550,Samarth Anand,35,Other,9275425028
C2551,Jiya Divan,22,Other,9534471060
C2552,Purab Som,17,Male,9540852498
C2553,Tejas Gopal,55,Female,9985778689
C2554,Oorja Wadhwa,45,Female,9527491445
C2555,Eshani Shroff,53,Other,9051089803
C2556,Yuvraj  Gopal,60,Male,9565446758
C2557,Ojas Sridhar,46,Male,9996542393
C2558,Vardaniya Gala,18,Other,9941938949
C2559,Biju Gera,43,Female,9016667042
C2560,Navya Ahuja,33,Other,9748704127
C2561,Divit Sharma,46,Other,9449776480
C2562,Anya Koshy,53,Female,9258949390
C2563,Aarav Bahri,45,Male,9092108442
C2564,Samar Trivedi,39,Other,9791010273
C2565,Nirvaan Jha,39,Female,9400691661
C2566,Lagan Sharma,26,Female,9842680095
C2567,Ranbir Gade,54,Female,9471159234
C2568,Yuvraj  Zacharia,36,Male,9688865181
C2569,Mamooty Bahl,48,Female,9483436676
C2570,Lakshit Dar,44,Male,9438469296
C2571,Damini Sawhney,31,Female,9342097883
C2572,Prisha Sandal,31,Male,9063001674
C2573,Nirvaan Tata,17,Other,9399202732
C2574,Devansh Baral,20,Male,9287475324
C2575,Sumer Hegde,52,Male,9412720674
C2576,Divyansh Doshi,30,Other,9153672504
C2577,Ayesha Banik,42,Other,9152710293
C2578,Tara Dara,17,Male,9123732082
C2579,Zara Yogi,52,Male,9611364974
C2580,Navya Amble,30,Male,9958770250
C2581,Hazel Bala,42,Female,9399372233
C2582,Myra Kuruvilla,53,Female,9479222019
C2583,Nirvaan Barad,60,Other,9415054193
C2584,Charvi Chaudhary,25,Other,9122177209
C2585,Shlok Acharya,30,Male,9885447327
C2586,Baiju Agarwal,41,Male,9895864677
C2587,Kashvi Sampath,38,Male,9180335156
C2588,Nayantara Kohli,45,Other,9230478462
C2589,Riya Dara,27,Female,9454435440
C2590,Onkar Subramaniam,43,Male,9774536299
C2591,Bhavin Anand,48,Female,9716101645
C2592,Ayesha Sama,42,Female,9308636475
C2593,Ranbir Suresh,30,Other,9726169608
C2594,Veer Manda,28,Female,9908499686
C2595,Kismat Kata,53,Male,9227464066
C2596,Hiran Manne,16,Other,9786607507
C2597,Kabir Borra,34,Other,9488394086
C2598,Anvi Dhawan,19,Female,9225937154
C2599,Advika Batra,25,Other,9155514462
C2600,Lagan Rau,46,Female,9203147939
